Country,Date,Policy_Rate,Inflation,Unemployment,GDP_Growth,Is_Forecast
Australia,2007-01-01,6.25,,4.381,4.3,False
Australia,2007-02-01,6.25,,4.381,4.3,False
Australia,2007-03-01,6.25,,4.381,4.3,False
Australia,2007-04-01,6.25,,4.381,4.3,False
Australia,2007-05-01,6.25,,4.381,4.3,False
Australia,2007-06-01,6.25,,4.381,4.3,False
Australia,2007-07-01,6.25,,4.381,4.3,False
Australia,2007-08-01,6.5,,4.381,4.3,False
Australia,2007-09-01,6.5,,4.381,4.3,False
Australia,2007-10-01,6.5,,4.381,4.3,False
Australia,2007-11-01,6.75,,4.381,4.3,False
Australia,2007-12-01,6.75,,4.381,4.3,False
Australia,2008-01-01,6.75,4.272517,4.242,2.6,False
Australia,2008-02-01,6.9999,4.272517,4.242,2.6,False
Australia,2008-03-01,7.2498,4.272517,4.242,2.6,False
Australia,2008-04-01,7.25,4.446978,4.242,2.6,False
Australia,2008-05-01,7.25,4.446978,4.242,2.6,False
Australia,2008-06-01,7.25,4.446978,4.242,2.6,False
Australia,2008-07-01,7.25,4.983012,4.242,2.6,False
Australia,2008-08-01,7.25,4.983012,4.242,2.6,False
Australia,2008-09-01,7.0,4.983012,4.242,2.6,False
Australia,2008-10-01,6.0,3.703704,4.242,2.6,False
Australia,2008-11-01,5.25,3.703704,4.242,2.6,False
Australia,2008-12-01,4.25,3.703704,4.242,2.6,False
Australia,2009-01-01,4.25,2.436323,5.565,2.0,False
Australia,2009-02-01,3.25,2.436323,5.565,2.0,False
Australia,2009-03-01,3.25,2.436323,5.565,2.0,False
Australia,2009-04-01,3.0,1.419214,5.565,2.0,False
Australia,2009-05-01,3.0,1.419214,5.565,2.0,False
Australia,2009-06-01,3.0,1.419214,5.565,2.0,False
Australia,2009-07-01,3.0,1.186624,5.565,2.0,False
Australia,2009-08-01,3.0,1.186624,5.565,2.0,False
Australia,2009-09-01,3.0,1.186624,5.565,2.0,False
Australia,2009-10-01,3.25,2.056277,5.565,2.0,False
Australia,2009-11-01,3.5,2.056277,5.565,2.0,False
Australia,2009-12-01,3.75,2.056277,5.565,2.0,False
Australia,2010-01-01,3.75,2.918919,5.214,2.4,False
Australia,2010-02-01,3.75,2.918919,5.214,2.4,False
Australia,2010-03-01,4.0,2.918919,5.214,2.4,False
Australia,2010-04-01,4.25,3.121636,5.214,2.4,False
Australia,2010-05-01,4.5,3.121636,5.214,2.4,False
Australia,2010-06-01,4.5,3.121636,5.214,2.4,False
Australia,2010-07-01,4.5,2.878465,5.214,2.4,False
Australia,2010-08-01,4.5,2.878465,5.214,2.4,False
Australia,2010-09-01,4.5,2.878465,5.214,2.4,False
Australia,2010-10-01,4.5,2.757158,5.214,2.4,False
Australia,2010-11-01,4.75,2.757158,5.214,2.4,False
Australia,2010-12-01,4.75,2.757158,5.214,2.4,False
Australia,2011-01-01,4.75,3.256303,5.083,2.8,False
Australia,2011-02-01,4.75,3.256303,5.083,2.8,False
Australia,2011-03-01,4.75,3.256303,5.083,2.8,False
Australia,2011-04-01,4.75,3.549061,5.083,2.8,False
Australia,2011-05-01,4.75,3.549061,5.083,2.8,False
Australia,2011-06-01,4.75,3.549061,5.083,2.8,False
Australia,2011-07-01,4.75,3.419689,5.083,2.8,False
Australia,2011-08-01,4.75,3.419689,5.083,2.8,False
Australia,2011-09-01,4.75,3.419689,5.083,2.8,False
Australia,2011-10-01,4.75,2.992776,5.083,2.8,False
Australia,2011-11-01,4.5,2.992776,5.083,2.8,False
Australia,2011-12-01,4.25,2.992776,5.083,2.8,False
Australia,2012-01-01,4.25,1.62767,5.225,3.8,False
Australia,2012-02-01,4.25,1.62767,5.225,3.8,False
Australia,2012-03-01,4.25,1.62767,5.225,3.8,False
Australia,2012-04-01,4.25,1.209677,5.225,3.8,False
Australia,2012-05-01,3.75,1.209677,5.225,3.8,False
Australia,2012-06-01,3.5,1.209677,5.225,3.8,False
Australia,2012-07-01,3.5,2.004008,5.225,3.8,False
Australia,2012-08-01,3.5,2.004008,5.225,3.8,False
Australia,2012-09-01,3.5,2.004008,5.225,3.8,False
Australia,2012-10-01,3.25,2.204409,5.225,3.8,False
Australia,2012-11-01,3.25,2.204409,5.225,3.8,False
Australia,2012-12-01,3.0,2.204409,5.225,3.8,False
Australia,2013-01-01,3.0,2.502503,5.663,2.2,False
Australia,2013-02-01,3.0,2.502503,5.663,2.2,False
Australia,2013-03-01,3.0,2.502503,5.663,2.2,False
Australia,2013-04-01,3.0,2.390438,5.663,2.2,False
Australia,2013-05-01,2.75,2.390438,5.663,2.2,False
Australia,2013-06-01,2.75,2.390438,5.663,2.2,False
Australia,2013-07-01,2.75,2.1611,5.663,2.2,False
Australia,2013-08-01,2.5,2.1611,5.663,2.2,False
Australia,2013-09-01,2.5,2.1611,5.663,2.2,False
Australia,2013-10-01,2.5,2.745098,5.663,2.2,False
Australia,2013-11-01,2.5,2.745098,5.663,2.2,False
Australia,2013-12-01,2.5,2.745098,5.663,2.2,False
Australia,2014-01-01,2.5,2.929688,6.078,2.6,False
Australia,2014-02-01,2.5,2.929688,6.078,2.6,False
Australia,2014-03-01,2.5,2.929688,6.078,2.6,False
Australia,2014-04-01,2.5,3.015564,6.078,2.6,False
Australia,2014-05-01,2.5,3.015564,6.078,2.6,False
Australia,2014-06-01,2.5,3.015564,6.078,2.6,False
Australia,2014-07-01,2.5,2.307692,6.078,2.6,False
Australia,2014-08-01,2.5,2.307692,6.078,2.6,False
Australia,2014-09-01,2.5,2.307692,6.078,2.6,False
Australia,2014-10-01,2.5,1.717557,6.078,2.6,False
Australia,2014-11-01,2.5,1.717557,6.078,2.6,False
Australia,2014-12-01,2.5,1.717557,6.078,2.6,False
Australia,2015-01-01,2.5,1.328273,6.055,2.3,False
Australia,2015-02-01,2.25,1.328273,6.055,2.3,False
Australia,2015-03-01,2.25,1.328273,6.055,2.3,False
Australia,2015-04-01,2.25,1.510859,6.055,2.3,False
Australia,2015-05-01,2.0,1.510859,6.055,2.3,False
Australia,2015-06-01,2.0,1.510859,6.055,2.3,False
Australia,2015-07-01,2.0,1.503759,6.055,2.3,False
Australia,2015-08-01,2.0,1.503759,6.055,2.3,False
Australia,2015-09-01,2.0,1.503759,6.055,2.3,False
Australia,2015-10-01,2.0,1.688555,6.055,2.3,False
Australia,2015-11-01,2.0,1.688555,6.055,2.3,False
Australia,2015-12-01,2.0,1.688555,6.055,2.3,False
Australia,2016-01-01,2.0,1.310861,5.711,2.7,False
Australia,2016-02-01,2.0,1.310861,5.711,2.7,False
Australia,2016-03-01,2.0,1.310861,5.711,2.7,False
Australia,2016-04-01,2.0,1.023256,5.711,2.7,False
Australia,2016-05-01,1.75,1.023256,5.711,2.7,False
Australia,2016-06-01,1.75,1.023256,5.711,2.7,False
Australia,2016-07-01,1.75,1.296296,5.711,2.7,False
Australia,2016-08-01,1.5,1.296296,5.711,2.7,False
Australia,2016-09-01,1.5,1.296296,5.711,2.7,False
Australia,2016-10-01,1.5,1.476015,5.711,2.7,False
Australia,2016-11-01,1.5,1.476015,5.711,2.7,False
Australia,2016-12-01,1.5,1.476015,5.711,2.7,False
Australia,2017-01-01,1.5,2.125693,5.592,2.4,False
Australia,2017-02-01,1.5,2.125693,5.592,2.4,False
Australia,2017-03-01,1.5,2.125693,5.592,2.4,False
Australia,2017-04-01,1.5,1.933702,5.592,2.4,False
Australia,2017-05-01,1.5,1.933702,5.592,2.4,False
Australia,2017-06-01,1.5,1.933702,5.592,2.4,False
Australia,2017-07-01,1.5,1.828154,5.592,2.4,False
Australia,2017-08-01,1.5,1.828154,5.592,2.4,False
Australia,2017-09-01,1.5,1.828154,5.592,2.4,False
Australia,2017-10-01,1.5,1.909091,5.592,2.4,False
Australia,2017-11-01,1.5,1.909091,5.592,2.4,False
Australia,2017-12-01,1.5,1.909091,5.592,2.4,False
Australia,2018-01-01,1.5,1.900452,5.345,2.8,False
Australia,2018-02-01,1.5,1.900452,5.345,2.8,False
Australia,2018-03-01,1.5,1.900452,5.345,2.8,False
Australia,2018-04-01,1.5,2.077687,5.345,2.8,False
Australia,2018-05-01,1.5,2.077687,5.345,2.8,False
Australia,2018-06-01,1.5,2.077687,5.345,2.8,False
Australia,2018-07-01,1.5,1.885099,5.345,2.8,False
Australia,2018-08-01,1.5,1.885099,5.345,2.8,False
Australia,2018-09-01,1.5,1.885099,5.345,2.8,False
Australia,2018-10-01,1.5,1.784121,5.345,2.8,False
Australia,2018-11-01,1.5,1.784121,5.345,2.8,False
Australia,2018-12-01,1.5,1.784121,5.345,2.8,False
Australia,2019-01-01,1.5,1.332149,5.143,1.9,False
Australia,2019-02-01,1.5,1.332149,5.143,1.9,False
Australia,2019-03-01,1.5,1.332149,5.143,1.9,False
Australia,2019-04-01,1.5,1.59292,5.143,1.9,False
Australia,2019-05-01,1.5,1.59292,5.143,1.9,False
Australia,2019-06-01,1.25,1.59292,5.143,1.9,False
Australia,2019-07-01,1.0,1.674009,5.143,1.9,False
Australia,2019-08-01,1.0,1.674009,5.143,1.9,False
Australia,2019-09-01,1.0,1.674009,5.143,1.9,False
Australia,2019-10-01,0.75,1.840491,5.143,1.9,False
Australia,2019-11-01,0.75,1.840491,5.143,1.9,False
Australia,2019-12-01,0.75,1.840491,5.143,1.9,False
Australia,2020-01-01,0.75,2.19106,6.394,-2.0,False
Australia,2020-02-01,0.75,2.19106,6.394,-2.0,False
Australia,2020-03-01,0.25,2.19106,6.394,-2.0,False
Australia,2020-04-01,0.25,-0.348432,6.394,-2.0,False
Australia,2020-05-01,0.25,-0.348432,6.394,-2.0,False
Australia,2020-06-01,0.25,-0.348432,6.394,-2.0,False
Australia,2020-07-01,0.25,0.693241,6.394,-2.0,False
Australia,2020-08-01,0.25,0.693241,6.394,-2.0,False
Australia,2020-09-01,0.25,0.693241,6.394,-2.0,False
Australia,2020-10-01,0.25,0.860585,6.394,-2.0,False
Australia,2020-11-01,0.1,0.860585,6.394,-2.0,False
Australia,2020-12-01,0.1,0.860585,6.394,-2.0,False
Australia,2021-01-01,0.1,1.114923,5.022,5.4,False
Australia,2021-02-01,0.1,1.114923,5.022,5.4,False
Australia,2021-03-01,0.1,1.114923,5.022,5.4,False
Australia,2021-04-01,0.1,3.846154,5.022,5.4,False
Australia,2021-05-01,0.1,3.846154,5.022,5.4,False
Australia,2021-06-01,0.1,3.846154,5.022,5.4,False
Australia,2021-07-01,0.1,3.012048,5.022,5.4,False
Australia,2021-08-01,0.1,3.012048,5.022,5.4,False
Australia,2021-09-01,0.1,3.012048,5.022,5.4,False
Australia,2021-10-01,0.1,3.498294,5.022,5.4,False
Australia,2021-11-01,0.1,3.498294,5.022,5.4,False
Australia,2021-12-01,0.1,3.498294,5.022,5.4,False
Australia,2022-01-01,0.1,5.089059,3.728,4.1,False
Australia,2022-02-01,0.1,5.089059,3.728,4.1,False
Australia,2022-03-01,0.1,5.089059,3.728,4.1,False
Australia,2022-04-01,0.1,6.144781,3.728,4.1,False
Australia,2022-05-01,0.35,6.144781,3.728,4.1,False
Australia,2022-06-01,0.85,6.144781,3.728,4.1,False
Australia,2022-07-01,1.35,7.26817,3.728,4.1,False
Australia,2022-08-01,1.85,7.26817,3.728,4.1,False
Australia,2022-09-01,2.35,7.26817,3.728,4.1,False
Australia,2022-10-01,2.6,7.831822,3.728,4.1,False
Australia,2022-11-01,2.85,7.831822,3.728,4.1,False
Australia,2022-12-01,3.1,7.831822,3.728,4.1,False
Australia,2023-01-01,3.1,7.021792,3.668,2.1,False
Australia,2023-02-01,3.35,7.021792,3.668,2.1,False
Australia,2023-03-01,3.6,7.021792,3.668,2.1,False
Australia,2023-04-01,3.6,6.026963,3.668,2.1,False
Australia,2023-05-01,3.85,6.026963,3.668,2.1,False
Australia,2023-06-01,4.1,6.026963,3.668,2.1,False
Australia,2023-07-01,4.1,5.373832,3.668,2.1,False
Australia,2023-08-01,4.1,5.373832,3.668,2.1,False
Australia,2023-09-01,4.1,5.373832,3.668,2.1,False
Australia,2023-10-01,4.1,4.051988,3.668,2.1,False
Australia,2023-11-01,4.35,4.051988,3.668,2.1,False
Australia,2023-12-01,4.35,4.051988,3.668,2.1,False
Australia,2024-01-01,4.35,3.61991,3.942,1.0,False
Australia,2024-02-01,4.35,3.61991,3.942,1.0,False
Australia,2024-03-01,4.35,3.61991,3.942,1.0,False
Australia,2024-04-01,4.35,3.81451,3.942,1.0,False
Australia,2024-05-01,4.35,3.81451,3.942,1.0,False
Australia,2024-06-01,4.35,3.81451,3.942,1.0,False
Australia,2024-07-01,4.35,2.808574,3.942,1.0,False
Australia,2024-08-01,4.35,2.808574,3.942,1.0,False
Australia,2024-09-01,4.35,2.808574,3.942,1.0,False
Australia,2024-10-01,4.35,2.424688,3.942,1.0,False
Australia,2024-11-01,4.35,2.424688,3.942,1.0,False
Australia,2024-12-01,4.35,2.424688,3.942,1.0,False
Australia,2025-01-01,4.35,2.401747,4.09,1.8,True
Australia,2025-02-01,4.1,2.401747,4.09,1.8,True
Australia,2025-03-01,4.1,2.401747,4.09,1.8,True
Australia,2025-04-01,4.1,2.089337,4.09,1.8,True
Australia,2025-05-01,3.85,2.089337,4.09,1.8,True
Australia,2025-06-01,3.85,2.089337,4.09,1.8,True
Australia,2025-07-01,3.85,3.235083,4.09,1.8,True
Australia,2025-08-01,3.6,3.235083,4.09,1.8,True
Australia,2025-09-01,3.6,3.235083,4.09,1.8,True
Australia,2025-10-01,3.6,3.720158,4.09,1.8,True
Australia,2025-11-01,3.6,3.720158,4.09,1.8,True
Australia,2025-12-01,3.6,3.720158,4.09,1.8,True
Australia,2026-01-01,3.6,,4.09,2.1,True
Australia,2026-02-01,3.85,,4.09,2.1,True
Australia,2026-03-01,,,4.09,2.1,True
Canada,2007-01-01,4.25,,6.156,2.0,False
Canada,2007-02-01,4.25,,6.156,2.0,False
Canada,2007-03-01,4.25,,6.156,2.0,False
Canada,2007-04-01,4.25,,6.156,2.0,False
Canada,2007-05-01,4.25,,6.156,2.0,False
Canada,2007-06-01,4.25,,6.156,2.0,False
Canada,2007-07-01,4.5,,6.156,2.0,False
Canada,2007-08-01,4.5,,6.156,2.0,False
Canada,2007-09-01,4.5,,6.156,2.0,False
Canada,2007-10-01,4.5,,6.156,2.0,False
Canada,2007-11-01,4.5,,6.156,2.0,False
Canada,2007-12-01,4.25,,6.156,2.0,False
Canada,2008-01-01,4.0,2.193784,6.284,1.0,False
Canada,2008-02-01,4.0,1.814882,6.284,1.0,False
Canada,2008-03-01,3.5,1.350135,6.284,1.0,False
Canada,2008-04-01,3.0,1.702509,6.284,1.0,False
Canada,2008-05-01,3.0,2.230152,6.284,1.0,False
Canada,2008-06-01,3.0,3.127793,6.284,1.0,False
Canada,2008-07-01,3.0,3.392857,6.284,1.0,False
Canada,2008-08-01,3.0,3.491495,6.284,1.0,False
Canada,2008-09-01,3.0,3.395889,6.284,1.0,False
Canada,2008-10-01,2.25,2.598566,6.284,1.0,False
Canada,2008-11-01,2.25,1.966041,6.284,1.0,False
Canada,2008-12-01,1.5,1.160714,6.284,1.0,False
Canada,2009-01-01,1.0,1.073345,8.46,-2.9,False
Canada,2009-02-01,1.0,1.426025,8.46,-2.9,False
Canada,2009-03-01,0.5,1.243339,8.46,-2.9,False
Canada,2009-04-01,0.25,0.352423,8.46,-2.9,False
Canada,2009-05-01,0.25,0.08726,8.46,-2.9,False
Canada,2009-06-01,0.25,-0.259965,8.46,-2.9,False
Canada,2009-07-01,0.25,-0.949914,8.46,-2.9,False
Canada,2009-08-01,0.25,-0.778547,8.46,-2.9,False
Canada,2009-09-01,0.25,-0.864304,8.46,-2.9,False
Canada,2009-10-01,0.25,0.087336,8.46,-2.9,False
Canada,2009-11-01,0.25,0.964067,8.46,-2.9,False
Canada,2009-12-01,0.25,1.323919,8.46,-2.9,False
Canada,2010-01-01,0.25,1.858407,8.178,3.1,False
Canada,2010-02-01,0.25,1.581722,8.178,3.1,False
Canada,2010-03-01,0.25,1.403509,8.178,3.1,False
Canada,2010-04-01,0.25,1.843723,8.178,3.1,False
Canada,2010-05-01,0.25,1.394943,8.178,3.1,False
Canada,2010-06-01,0.5,0.955691,8.178,3.1,False
Canada,2010-07-01,0.75,1.830863,8.178,3.1,False
Canada,2010-08-01,0.75,1.743679,8.178,3.1,False
Canada,2010-09-01,1.0,1.918047,8.178,3.1,False
Canada,2010-10-01,1.0,2.443281,8.178,3.1,False
Canada,2010-11-01,1.0,1.996528,8.178,3.1,False
Canada,2010-12-01,1.0,2.351916,8.178,3.1,False
Canada,2011-01-01,1.0,2.345786,7.637,3.1,False
Canada,2011-02-01,1.0,2.16263,7.637,3.1,False
Canada,2011-03-01,1.0,3.287197,7.637,3.1,False
Canada,2011-04-01,1.0,3.275862,7.637,3.1,False
Canada,2011-05-01,1.0,3.697334,7.637,3.1,False
Canada,2011-06-01,1.0,3.098107,7.637,3.1,False
Canada,2011-07-01,1.0,2.739726,7.637,3.1,False
Canada,2011-08-01,1.0,3.084833,7.637,3.1,False
Canada,2011-09-01,1.0,3.165098,7.637,3.1,False
Canada,2011-10-01,1.0,2.896082,7.637,3.1,False
Canada,2011-11-01,1.0,2.893617,7.637,3.1,False
Canada,2011-12-01,1.0,2.297872,7.637,3.1,False
Canada,2012-01-01,1.0,2.4618,7.392,1.8,False
Canada,2012-02-01,1.0,2.624894,7.392,1.8,False
Canada,2012-03-01,1.0,1.926298,7.392,1.8,False
Canada,2012-04-01,1.0,2.003339,7.392,1.8,False
Canada,2012-05-01,1.0,1.243781,7.392,1.8,False
Canada,2012-06-01,1.0,1.502504,7.392,1.8,False
Canada,2012-07-01,1.0,1.25,7.392,1.8,False
Canada,2012-08-01,1.0,1.246883,7.392,1.8,False
Canada,2012-09-01,1.0,1.160862,7.392,1.8,False
Canada,2012-10-01,1.0,1.15894,7.392,1.8,False
Canada,2012-11-01,1.0,0.82713,7.392,1.8,False
Canada,2012-12-01,1.0,0.831947,7.392,1.8,False
Canada,2013-01-01,1.0,0.4971,7.143,2.3,False
Canada,2013-02-01,1.0,1.237624,7.143,2.3,False
Canada,2013-03-01,1.0,0.986031,7.143,2.3,False
Canada,2013-04-01,1.0,0.409165,7.143,2.3,False
Canada,2013-05-01,1.0,0.737101,7.143,2.3,False
Canada,2013-06-01,1.0,1.151316,7.143,2.3,False
Canada,2013-07-01,1.0,1.316872,7.143,2.3,False
Canada,2013-08-01,1.0,1.067323,7.143,2.3,False
Canada,2013-09-01,1.0,1.065574,7.143,2.3,False
Canada,2013-10-01,1.0,0.654664,7.143,2.3,False
Canada,2013-11-01,1.0,0.902379,7.143,2.3,False
Canada,2013-12-01,1.0,1.237624,7.143,2.3,False
Canada,2014-01-01,1.0,1.483924,7.023,2.9,False
Canada,2014-02-01,1.0,1.140994,7.023,2.9,False
Canada,2014-03-01,1.0,1.545972,7.023,2.9,False
Canada,2014-04-01,1.0,2.03749,7.023,2.9,False
Canada,2014-05-01,1.0,2.276423,7.023,2.9,False
Canada,2014-06-01,1.0,2.357724,7.023,2.9,False
Canada,2014-07-01,1.0,2.112104,7.023,2.9,False
Canada,2014-08-01,1.0,2.112104,7.023,2.9,False
Canada,2014-09-01,1.0,2.027575,7.023,2.9,False
Canada,2014-10-01,1.0,2.357724,7.023,2.9,False
Canada,2014-11-01,1.0,1.95122,7.023,2.9,False
Canada,2014-12-01,1.0,1.466993,7.023,2.9,False
Canada,2015-01-01,0.75,0.974817,6.945,0.6,False
Canada,2015-02-01,0.75,1.047542,6.945,0.6,False
Canada,2015-03-01,0.75,1.201923,6.945,0.6,False
Canada,2015-04-01,0.75,0.798722,6.945,0.6,False
Canada,2015-05-01,0.75,0.874404,6.945,0.6,False
Canada,2015-06-01,0.75,1.032566,6.945,0.6,False
Canada,2015-07-01,0.5,1.272872,6.945,0.6,False
Canada,2015-08-01,0.5,1.272872,6.945,0.6,False
Canada,2015-09-01,0.5,1.033386,6.945,0.6,False
Canada,2015-10-01,0.5,1.032566,6.945,0.6,False
Canada,2015-11-01,0.5,1.355662,6.945,0.6,False
Canada,2015-12-01,0.5,1.606426,6.945,0.6,False
Canada,2016-01-01,0.5,2.011263,7.038,1.0,False
Canada,2016-02-01,0.5,1.355662,7.038,1.0,False
Canada,2016-03-01,0.5,1.266825,7.038,1.0,False
Canada,2016-04-01,0.5,1.664025,7.038,1.0,False
Canada,2016-05-01,0.5,1.497242,7.038,1.0,False
Canada,2016-06-01,0.5,1.493711,7.038,1.0,False
Canada,2016-07-01,0.5,1.256874,7.038,1.0,False
Canada,2016-08-01,0.5,1.099764,7.038,1.0,False
Canada,2016-09-01,0.5,1.33753,7.038,1.0,False
Canada,2016-10-01,0.5,1.493711,7.038,1.0,False
Canada,2016-11-01,0.5,1.180173,7.038,1.0,False
Canada,2016-12-01,0.5,1.501976,7.038,1.0,False
Canada,2017-01-01,0.5,2.129338,6.426,3.0,False
Canada,2017-02-01,0.5,2.045633,6.426,3.0,False
Canada,2017-03-01,0.5,1.563722,6.426,3.0,False
Canada,2017-04-01,0.5,1.636789,6.426,3.0,False
Canada,2017-05-01,0.5,1.319876,6.426,3.0,False
Canada,2017-06-01,0.5,1.006971,6.426,3.0,False
Canada,2017-07-01,0.75,1.163693,6.426,3.0,False
Canada,2017-08-01,0.75,1.398601,6.426,3.0,False
Canada,2017-09-01,1.0,1.552795,6.426,3.0,False
Canada,2017-10-01,1.0,1.394268,6.426,3.0,False
Canada,2017-11-01,1.0,2.099533,6.426,3.0,False
Canada,2017-12-01,1.0,1.869159,6.426,3.0,False
Canada,2018-01-01,1.25,1.698842,5.837,2.7,False
Canada,2018-02-01,1.25,2.158828,5.837,2.7,False
Canada,2018-03-01,1.25,2.309469,5.837,2.7,False
Canada,2018-04-01,1.25,2.223926,5.837,2.7,False
Canada,2018-05-01,1.25,2.222222,5.837,2.7,False
Canada,2018-06-01,1.25,2.453988,5.837,2.7,False
Canada,2018-07-01,1.5,2.990798,5.837,2.7,False
Canada,2018-08-01,1.5,2.835249,5.837,2.7,False
Canada,2018-09-01,1.5,2.217125,5.837,2.7,False
Canada,2018-10-01,1.75,2.444614,5.837,2.7,False
Canada,2018-11-01,1.75,1.675552,5.837,2.7,False
Canada,2018-12-01,1.75,1.987768,5.837,2.7,False
Canada,2019-01-01,1.75,1.442673,5.69,1.9,False
Canada,2019-02-01,1.75,1.509434,5.69,1.9,False
Canada,2019-03-01,1.75,1.881114,5.69,1.9,False
Canada,2019-04-01,1.75,2.025506,5.69,1.9,False
Canada,2019-05-01,1.75,2.398801,5.69,1.9,False
Canada,2019-06-01,1.75,2.020958,5.69,1.9,False
Canada,2019-07-01,1.75,2.010424,5.69,1.9,False
Canada,2019-08-01,1.75,1.937407,5.69,1.9,False
Canada,2019-09-01,1.75,1.869858,5.69,1.9,False
Canada,2019-10-01,1.75,1.86428,5.69,1.9,False
Canada,2019-11-01,1.75,2.172285,5.69,1.9,False
Canada,2019-12-01,1.75,2.248876,5.69,1.9,False
Canada,2020-01-01,1.75,2.39521,9.657,-5.0,False
Canada,2020-02-01,1.75,2.156134,9.657,-5.0,False
Canada,2020-03-01,0.25,0.886263,9.657,-5.0,False
Canada,2020-04-01,0.25,-0.220588,9.657,-5.0,False
Canada,2020-05-01,0.25,-0.366032,9.657,-5.0,False
Canada,2020-06-01,0.25,0.660308,9.657,-5.0,False
Canada,2020-07-01,0.25,0.145985,9.657,-5.0,False
Canada,2020-08-01,0.25,0.146199,9.657,-5.0,False
Canada,2020-09-01,0.25,0.51395,9.657,-5.0,False
Canada,2020-10-01,0.25,0.658858,9.657,-5.0,False
Canada,2020-11-01,0.25,0.953079,9.657,-5.0,False
Canada,2020-12-01,0.25,0.733138,9.657,-5.0,False
Canada,2021-01-01,0.25,1.023392,7.527,6.0,False
Canada,2021-02-01,0.25,1.091703,7.527,6.0,False
Canada,2021-03-01,0.25,2.196193,7.527,6.0,False
Canada,2021-04-01,0.25,3.389831,7.527,6.0,False
Canada,2021-05-01,0.25,3.600294,7.527,6.0,False
Canada,2021-06-01,0.25,3.061224,7.527,6.0,False
Canada,2021-07-01,0.25,3.717201,7.527,6.0,False
Canada,2021-08-01,0.25,4.087591,7.527,6.0,False
Canada,2021-09-01,0.25,4.382761,7.527,6.0,False
Canada,2021-10-01,0.25,4.654545,7.527,6.0,False
Canada,2021-11-01,0.25,4.720407,7.527,6.0,False
Canada,2021-12-01,0.25,4.803493,7.527,6.0,False
Canada,2022-01-01,0.25,5.137482,5.279,4.2,False
Canada,2022-02-01,0.25,5.687545,5.279,4.2,False
Canada,2022-03-01,0.5,6.661891,5.279,4.2,False
Canada,2022-04-01,1.0,6.771205,5.279,4.2,False
Canada,2022-05-01,1.0,7.730496,5.279,4.2,False
Canada,2022-06-01,1.5,8.132956,5.279,4.2,False
Canada,2022-07-01,2.5,7.589599,5.279,4.2,False
Canada,2022-08-01,2.5,7.012623,5.279,4.2,False
Canada,2022-09-01,3.25,6.857943,5.279,4.2,False
Canada,2022-10-01,3.75,6.879778,5.279,4.2,False
Canada,2022-11-01,3.75,6.796117,5.279,4.2,False
Canada,2022-12-01,4.25,6.319444,5.279,4.2,False
Canada,2023-01-01,4.5,5.918789,5.415,1.5,False
Canada,2023-02-01,4.5,5.245232,5.415,1.5,False
Canada,2023-03-01,4.5,4.298187,5.415,1.5,False
Canada,2023-04-01,4.5,4.405875,5.415,1.5,False
Canada,2023-05-01,4.5,3.357472,5.415,1.5,False
Canada,2023-06-01,4.75,2.812296,5.415,1.5,False
Canada,2023-07-01,5.0,3.265839,5.415,1.5,False
Canada,2023-08-01,5.0,3.997379,5.415,1.5,False
Canada,2023-09-01,5.0,3.798297,5.415,1.5,False
Canada,2023-10-01,5.0,3.120936,5.415,1.5,False
Canada,2023-11-01,5.0,3.116883,5.415,1.5,False
Canada,2023-12-01,5.0,3.396473,5.415,1.5,False
Canada,2024-01-01,5.0,2.858999,6.351,1.6,False
Canada,2024-02-01,5.0,2.783172,6.351,1.6,False
Canada,2024-03-01,5.0,2.897618,6.351,1.6,False
Canada,2024-04-01,5.0,2.685422,6.351,1.6,False
Canada,2024-05-01,5.0,2.866242,6.351,1.6,False
Canada,2024-06-01,4.75,2.671756,6.351,1.6,False
Canada,2024-07-01,4.5,2.530044,6.351,1.6,False
Canada,2024-08-01,4.5,1.953371,6.351,1.6,False
Canada,2024-09-01,4.25,1.640379,6.351,1.6,False
Canada,2024-10-01,3.75,2.017654,6.351,1.6,False
Canada,2024-11-01,3.75,1.889169,6.351,1.6,False
Canada,2024-12-01,3.25,1.831965,6.351,1.6,False
Canada,2025-01-01,3.0,1.895136,6.907,1.2,True
Canada,2025-02-01,3.0,2.644836,6.907,1.2,True
Canada,2025-03-01,2.75,2.315394,6.907,1.2,True
Canada,2025-04-01,2.75,1.743462,6.907,1.2,True
Canada,2025-05-01,2.75,1.733746,6.907,1.2,True
Canada,2025-06-01,2.75,1.858736,6.907,1.2,True
Canada,2025-07-01,2.75,1.727329,6.907,1.2,True
Canada,2025-08-01,2.75,1.854141,6.907,1.2,True
Canada,2025-09-01,2.5,2.358783,6.907,1.2,True
Canada,2025-10-01,2.25,2.163164,6.907,1.2,True
Canada,2025-11-01,2.25,2.224969,6.907,1.2,True
Canada,2025-12-01,2.25,2.35732,6.907,1.2,True
Canada,2026-01-01,2.25,2.293862,6.907,1.5,True
Canada,2026-02-01,2.25,,6.907,1.5,True
Canada,2026-03-01,,,6.907,1.5,True
Euro Area,2007-01-01,3.5,,7.503105,3.0,False
Euro Area,2007-02-01,3.5,,7.503105,3.0,False
Euro Area,2007-03-01,3.75,,7.503105,3.0,False
Euro Area,2007-04-01,3.75,,7.503105,3.0,False
Euro Area,2007-05-01,3.75,,7.503105,3.0,False
Euro Area,2007-06-01,4.0,,7.503105,3.0,False
Euro Area,2007-07-01,4.0,,7.503105,3.0,False
Euro Area,2007-08-01,4.0,,7.503105,3.0,False
Euro Area,2007-09-01,4.0,,7.503105,3.0,False
Euro Area,2007-10-01,4.0,,7.503105,3.0,False
Euro Area,2007-11-01,4.0,,7.503105,3.0,False
Euro Area,2007-12-01,4.0,,7.503105,3.0,False
Euro Area,2008-01-01,4.0,3.198343,7.2416344,0.4,False
Euro Area,2008-02-01,4.0,3.269473,7.2416344,0.4,False
Euro Area,2008-03-01,4.0,3.589744,7.2416344,0.4,False
Euro Area,2008-04-01,4.0,3.261239,7.2416344,0.4,False
Euro Area,2008-05-01,4.0,3.66019,7.2416344,0.4,False
Euro Area,2008-06-01,4.0,3.949893,7.2416344,0.4,False
Euro Area,2008-07-01,4.25,4.050232,7.2416344,0.4,False
Euro Area,2008-08-01,4.25,3.832674,7.2416344,0.4,False
Euro Area,2008-09-01,4.25,3.638207,7.2416344,0.4,False
Euro Area,2008-10-01,3.75,3.17229,7.2416344,0.4,False
Euro Area,2008-11-01,3.25,2.118408,7.2416344,0.4,False
Euro Area,2008-12-01,2.5,1.576902,7.2416344,0.4,False
Euro Area,2009-01-01,2.0,1.125975,9.211205,-4.5,False
Euro Area,2009-02-01,2.0,1.177516,9.211205,-4.5,False
Euro Area,2009-03-01,1.5,0.572057,9.211205,-4.5,False
Euro Area,2009-04-01,1.25,0.614102,9.211205,-4.5,False
Euro Area,2009-05-01,1.0,0.043592,9.211205,-4.5,False
Euro Area,2009-06-01,1.0,-0.141136,9.211205,-4.5,False
Euro Area,2009-07-01,1.0,-0.641514,9.211205,-4.5,False
Euro Area,2009-08-01,1.0,-0.163328,9.211205,-4.5,False
Euro Area,2009-09-01,1.0,-0.326052,9.211205,-4.5,False
Euro Area,2009-10-01,1.0,-0.130378,9.211205,-4.5,False
Euro Area,2009-11-01,1.0,0.480402,9.211205,-4.5,False
Euro Area,2009-12-01,1.0,0.929266,9.211205,-4.5,False
Euro Area,2010-01-01,1.0,0.948076,9.873272,2.1,False
Euro Area,2010-02-01,1.0,0.845411,9.873272,2.1,False
Euro Area,2010-03-01,1.0,1.586086,9.873272,2.1,False
Euro Area,2010-04-01,1.0,1.634877,9.873272,2.1,False
Euro Area,2010-05-01,1.0,1.688453,9.873272,2.1,False
Euro Area,2010-06-01,1.0,1.489454,9.873272,2.1,False
Euro Area,2010-07-01,1.0,1.7181,9.873272,2.1,False
Euro Area,2010-08-01,1.0,1.581416,9.873272,2.1,False
Euro Area,2010-09-01,1.0,1.875477,9.873272,2.1,False
Euro Area,2010-10-01,1.0,1.947346,9.873272,2.1,False
Euro Area,2010-11-01,1.0,1.91242,9.873272,2.1,False
Euro Area,2010-12-01,1.0,2.209705,9.873272,2.1,False
Euro Area,2011-01-01,1.0,2.304248,9.928883,1.7,False
Euro Area,2011-02-01,1.0,2.427872,9.928883,1.7,False
Euro Area,2011-03-01,1.0,2.670399,9.928883,1.7,False
Euro Area,2011-04-01,1.25,2.820375,9.928883,1.7,False
Euro Area,2011-05-01,1.25,2.720943,9.928883,1.7,False
Euro Area,2011-06-01,1.25,2.71023,9.928883,1.7,False
Euro Area,2011-07-01,1.5,2.560516,9.928883,1.7,False
Euro Area,2011-08-01,1.5,2.544557,9.928883,1.7,False
Euro Area,2011-09-01,1.5,2.97549,9.928883,1.7,False
Euro Area,2011-10-01,1.5,3.030626,9.928883,1.7,False
Euro Area,2011-11-01,1.25,3.028041,9.928883,1.7,False
Euro Area,2011-12-01,1.0,2.755405,9.928883,1.7,False
Euro Area,2012-01-01,1.0,2.657985,10.875848,-1.0,False
Euro Area,2012-02-01,1.0,2.731718,10.875848,-1.0,False
Euro Area,2012-03-01,1.0,2.674358,10.875848,-1.0,False
Euro Area,2012-04-01,1.0,2.586567,10.875848,-1.0,False
Euro Area,2012-05-01,1.0,2.429868,10.875848,-1.0,False
Euro Area,2012-06-01,1.0,2.367543,10.875848,-1.0,False
Euro Area,2012-07-01,0.75,2.412672,10.875848,-1.0,False
Euro Area,2012-08-01,0.75,2.617527,10.875848,-1.0,False
Euro Area,2012-09-01,0.75,2.608876,10.875848,-1.0,False
Euro Area,2012-10-01,0.75,2.485759,10.875848,-1.0,False
Euro Area,2012-11-01,0.75,2.204284,10.875848,-1.0,False
Euro Area,2012-12-01,0.75,2.217409,10.875848,-1.0,False
Euro Area,2013-01-01,0.75,1.986066,11.351173,-0.2,False
Euro Area,2013-02-01,0.75,1.852043,11.351173,-0.2,False
Euro Area,2013-03-01,0.75,1.736466,11.351173,-0.2,False
Euro Area,2013-04-01,0.75,1.169174,11.351173,-0.2,False
Euro Area,2013-05-01,0.5,1.425372,11.351173,-0.2,False
Euro Area,2013-06-01,0.5,1.609781,11.351173,-0.2,False
Euro Area,2013-07-01,0.5,1.608112,11.351173,-0.2,False
Euro Area,2013-08-01,0.5,1.336598,11.351173,-0.2,False
Euro Area,2013-09-01,0.5,1.094003,11.351173,-0.2,False
Euro Area,2013-10-01,0.5,0.737746,11.351173,-0.2,False
Euro Area,2013-11-01,0.25,0.850547,11.351173,-0.2,False
Euro Area,2013-12-01,0.25,0.847543,11.351173,-0.2,False
Euro Area,2014-01-01,0.25,0.764682,10.825588,1.4,False
Euro Area,2014-02-01,0.25,0.711093,10.825588,1.4,False
Euro Area,2014-03-01,0.25,0.471888,10.825588,1.4,False
Euro Area,2014-04-01,0.25,0.713496,10.825588,1.4,False
Euro Area,2014-05-01,0.25,0.491869,10.825588,1.4,False
Euro Area,2014-06-01,0.15,0.491327,10.825588,1.4,False
Euro Area,2014-07-01,0.15,0.372984,10.825588,1.4,False
Euro Area,2014-08-01,0.15,0.362465,10.825588,1.4,False
Euro Area,2014-09-01,0.05,0.320641,10.825588,1.4,False
Euro Area,2014-10-01,0.05,0.38122,10.825588,1.4,False
Euro Area,2014-11-01,0.05,0.281124,10.825588,1.4,False
Euro Area,2014-12-01,0.05,-0.170085,10.825588,1.4,False
Euro Area,2015-01-01,0.05,-0.596985,10.016536,2.1,False
Euro Area,2015-02-01,0.05,-0.292516,10.016536,2.1,False
Euro Area,2015-03-01,0.05,-0.069951,10.016536,2.1,False
Euro Area,2015-04-01,0.05,0.209539,10.016536,2.1,False
Euro Area,2015-05-01,0.05,0.599341,10.016536,2.1,False
Euro Area,2015-06-01,0.05,0.498902,10.016536,2.1,False
Euro Area,2015-07-01,0.05,0.542332,10.016536,2.1,False
Euro Area,2015-08-01,0.05,0.441413,10.016536,2.1,False
Euro Area,2015-09-01,0.05,0.19976,10.016536,2.1,False
Euro Area,2015-10-01,0.05,0.389766,10.016536,2.1,False
Euro Area,2015-11-01,0.05,0.130156,10.016536,2.1,False
Euro Area,2015-12-01,0.05,0.250551,10.016536,2.1,False
Euro Area,2016-01-01,0.05,0.325733,9.105695,1.8,False
Euro Area,2016-02-01,0.05,-0.121396,9.105695,1.8,False
Euro Area,2016-03-01,0.0,-0.04,9.105695,1.8,False
Euro Area,2016-04-01,0.0,-0.258887,9.105695,1.8,False
Euro Area,2016-05-01,0.0,-0.119154,9.105695,1.8,False
Euro Area,2016-06-01,0.0,0.049643,9.105695,1.8,False
Euro Area,2016-07-01,0.0,0.169813,9.105695,1.8,False
Euro Area,2016-08-01,0.0,0.219736,9.105695,1.8,False
Euro Area,2016-09-01,0.0,0.398724,9.105695,1.8,False
Euro Area,2016-10-01,0.0,0.507715,9.105695,1.8,False
Euro Area,2016-11-01,0.0,0.589941,9.105695,1.8,False
Euro Area,2016-12-01,0.0,1.09967,9.105695,1.8,False
Euro Area,2017-01-01,0.0,1.724838,8.13209,2.6,False
Euro Area,2017-02-01,0.0,1.954826,8.13209,2.6,False
Euro Area,2017-03-01,0.0,1.530612,8.13209,2.6,False
Euro Area,2017-04-01,0.0,1.896775,8.13209,2.6,False
Euro Area,2017-05-01,0.0,1.381847,8.13209,2.6,False
Euro Area,2017-06-01,0.0,1.29999,8.13209,2.6,False
Euro Area,2017-07-01,0.0,1.336258,8.13209,2.6,False
Euro Area,2017-08-01,0.0,1.544748,8.13209,2.6,False
Euro Area,2017-09-01,0.0,1.558777,8.13209,2.6,False
Euro Area,2017-10-01,0.0,1.366878,8.13209,2.6,False
Euro Area,2017-11-01,0.0,1.530815,8.13209,2.6,False
Euro Area,2017-12-01,0.0,1.344804,8.13209,2.6,False
Euro Area,2018-01-01,0.0,1.296629,7.2442546,1.8,False
Euro Area,2018-02-01,0.0,1.112656,7.2442546,1.8,False
Euro Area,2018-03-01,0.0,1.399153,7.2442546,1.8,False
Euro Area,2018-04-01,0.0,1.22465,7.2442546,1.8,False
Euro Area,2018-05-01,0.0,1.951363,7.2442546,1.8,False
Euro Area,2018-06-01,0.0,1.969044,7.2442546,1.8,False
Euro Area,2018-07-01,0.0,2.19445,7.2442546,1.8,False
Euro Area,2018-08-01,0.0,2.080675,7.2442546,1.8,False
Euro Area,2018-09-01,0.0,2.082315,7.2442546,1.8,False
Euro Area,2018-10-01,0.0,2.286496,7.2442546,1.8,False
Euro Area,2018-11-01,0.0,1.918935,7.2442546,1.8,False
Euro Area,2018-12-01,0.0,1.5221,7.2442546,1.8,False
Euro Area,2019-01-01,0.0,1.388342,6.6770506,1.6,False
Euro Area,2019-02-01,0.0,1.493417,6.6770506,1.6,False
Euro Area,2019-03-01,0.0,1.399281,6.6770506,1.6,False
Euro Area,2019-04-01,0.0,1.722803,6.6770506,1.6,False
Euro Area,2019-05-01,0.0,1.221506,6.6770506,1.6,False
Euro Area,2019-06-01,0.0,1.268133,6.6770506,1.6,False
Euro Area,2019-07-01,0.0,1.020703,6.6770506,1.6,False
Euro Area,2019-08-01,0.0,1.009518,6.6770506,1.6,False
Euro Area,2019-09-01,0.0,0.833174,6.6770506,1.6,False
Euro Area,2019-10-01,0.0,0.726022,6.6770506,1.6,False
Euro Area,2019-11-01,0.0,0.960615,6.6770506,1.6,False
Euro Area,2019-12-01,0.0,1.326285,6.6770506,1.6,False
Euro Area,2020-01-01,0.0,1.359619,7.0547137,-6.0,False
Euro Area,2020-02-01,0.0,1.219748,7.0547137,-6.0,False
Euro Area,2020-03-01,0.0,0.747484,7.0547137,-6.0,False
Euro Area,2020-04-01,0.0,0.313987,7.0547137,-6.0,False
Euro Area,2020-05-01,0.0,0.085519,7.0547137,-6.0,False
Euro Area,2020-06-01,0.0,0.265629,7.0547137,-6.0,False
Euro Area,2020-07-01,0.0,0.390811,7.0547137,-6.0,False
Euro Area,2020-08-01,0.0,-0.171331,7.0547137,-6.0,False
Euro Area,2020-09-01,0.0,-0.31342,7.0547137,-6.0,False
Euro Area,2020-10-01,0.0,-0.275038,7.0547137,-6.0,False
Euro Area,2020-11-01,0.0,-0.285442,7.0547137,-6.0,False
Euro Area,2020-12-01,0.0,-0.265579,7.0547137,-6.0,False
Euro Area,2021-01-01,0.0,0.910223,7.0265794,6.4,False
Euro Area,2021-02-01,0.0,0.937261,7.0265794,6.4,False
Euro Area,2021-03-01,0.0,1.331685,7.0265794,6.4,False
Euro Area,2021-04-01,0.0,1.621929,7.0265794,6.4,False
Euro Area,2021-05-01,0.0,1.98424,7.0265794,6.4,False
Euro Area,2021-06-01,0.0,1.901788,7.0265794,6.4,False
Euro Area,2021-07-01,0.0,2.164831,7.0265794,6.4,False
Euro Area,2021-08-01,0.0,2.955759,7.0265794,6.4,False
Euro Area,2021-09-01,0.0,3.363186,7.0265794,6.4,False
Euro Area,2021-10-01,0.0,4.051355,7.0265794,6.4,False
Euro Area,2021-11-01,0.0,4.866412,7.0265794,6.4,False
Euro Area,2021-12-01,0.0,4.964337,7.0265794,6.4,False
Euro Area,2022-01-01,0.0,5.108242,6.1613607,3.6,False
Euro Area,2022-02-01,0.0,5.87455,6.1613607,3.6,False
Euro Area,2022-03-01,0.0,7.443913,6.1613607,3.6,False
Euro Area,2022-04-01,0.0,7.438865,6.1613607,3.6,False
Euro Area,2022-05-01,0.0,8.052504,6.1613607,3.6,False
Euro Area,2022-06-01,0.0,8.644383,6.1613607,3.6,False
Euro Area,2022-07-01,0.5,8.866171,6.1613607,3.6,False
Euro Area,2022-08-01,0.5,9.140582,6.1613607,3.6,False
Euro Area,2022-09-01,1.25,9.927182,6.1613607,3.6,False
Euro Area,2022-10-01,1.25,10.620601,6.1613607,3.6,False
Euro Area,2022-11-01,2.0,10.054595,6.1613607,3.6,False
Euro Area,2022-12-01,2.5,9.19634,6.1613607,3.6,False
Euro Area,2023-01-01,2.5,8.644986,6.0264363,0.4,False
Euro Area,2023-02-01,3.0,8.501879,6.0264363,0.4,False
Euro Area,2023-03-01,3.5,6.884501,6.0264363,0.4,False
Euro Area,2023-04-01,3.5,6.958561,6.0264363,0.4,False
Euro Area,2023-05-01,3.75,6.099767,6.0264363,0.4,False
Euro Area,2023-06-01,4.0,5.520896,6.0264363,0.4,False
Euro Area,2023-07-01,4.0,5.309886,6.0264363,0.4,False
Euro Area,2023-08-01,4.25,5.243954,6.0264363,0.4,False
Euro Area,2023-09-01,4.5,4.335066,6.0264363,0.4,False
Euro Area,2023-10-01,4.5,2.900107,6.0264363,0.4,False
Euro Area,2023-11-01,4.5,2.397685,6.0264363,0.4,False
Euro Area,2023-12-01,4.5,2.928974,6.0264363,0.4,False
Euro Area,2024-01-01,4.5,2.76877,5.923008,0.9,False
Euro Area,2024-02-01,4.5,2.581656,5.923008,0.9,False
Euro Area,2024-03-01,4.5,2.427661,5.923008,0.9,False
Euro Area,2024-04-01,4.5,2.37167,5.923008,0.9,False
Euro Area,2024-05-01,4.5,2.565976,5.923008,0.9,False
Euro Area,2024-06-01,4.25,2.51883,5.923008,0.9,False
Euro Area,2024-07-01,4.25,2.577821,5.923008,0.9,False
Euro Area,2024-08-01,4.25,2.16883,5.923008,0.9,False
Euro Area,2024-09-01,3.5,1.743952,5.923008,0.9,False
Euro Area,2024-10-01,3.25,1.999358,5.923008,0.9,False
Euro Area,2024-11-01,3.25,2.236577,5.923008,0.9,False
Euro Area,2024-12-01,3.0,2.434502,5.923008,0.9,False
Euro Area,2025-01-01,3.0,2.524272,5.926518,1.2,True
Euro Area,2025-02-01,2.75,2.323712,5.926518,1.2,True
Euro Area,2025-03-01,2.5,2.178597,5.926518,1.2,True
Euro Area,2025-04-01,2.25,2.165979,5.926518,1.2,True
Euro Area,2025-05-01,2.25,1.89217,5.926518,1.2,True
Euro Area,2025-06-01,2.0,1.990836,5.926518,1.2,True
Euro Area,2025-07-01,2.0,2.038881,5.926518,1.2,True
Euro Area,2025-08-01,2.0,2.043876,5.926518,1.2,True
Euro Area,2025-09-01,2.0,2.235387,5.926518,1.2,True
Euro Area,2025-10-01,2.0,2.101866,5.926518,1.2,True
Euro Area,2025-11-01,2.0,2.140262,5.926518,1.2,True
Euro Area,2025-12-01,2.0,1.94381,5.926518,1.2,True
Euro Area,2026-01-01,2.0,,5.926518,1.1,True
Euro Area,2026-02-01,2.0,,5.926518,1.1,True
Euro Area,2026-03-01,,,5.926518,1.1,True
Japan,2007-01-01,0.25,,3.888,1.5,False
Japan,2007-02-01,0.5,,3.888,1.5,False
Japan,2007-03-01,0.5,,3.888,1.5,False
Japan,2007-04-01,0.5,,3.888,1.5,False
Japan,2007-05-01,0.5,,3.888,1.5,False
Japan,2007-06-01,0.5,,3.888,1.5,False
Japan,2007-07-01,0.5,,3.888,1.5,False
Japan,2007-08-01,0.5,,3.888,1.5,False
Japan,2007-09-01,0.5,,3.888,1.5,False
Japan,2007-10-01,0.5,,3.888,1.5,False
Japan,2007-11-01,0.5,,3.888,1.5,False
Japan,2007-12-01,0.5,,3.888,1.5,False
Japan,2008-01-01,0.5,0.735294,4.002,-1.2,False
Japan,2008-02-01,0.5,1.055966,4.002,-1.2,False
Japan,2008-03-01,0.5,1.157895,4.002,-1.2,False
Japan,2008-04-01,0.5,0.734523,4.002,-1.2,False
Japan,2008-05-01,0.5,1.25523,4.002,-1.2,False
Japan,2008-06-01,0.5,1.991614,4.002,-1.2,False
Japan,2008-07-01,0.5,2.308499,4.002,-1.2,False
Japan,2008-08-01,0.5,2.087683,4.002,-1.2,False
Japan,2008-09-01,0.5,2.087683,4.002,-1.2,False
Japan,2008-10-01,0.3,1.770833,4.002,-1.2,False
Japan,2008-11-01,0.3,0.938478,4.002,-1.2,False
Japan,2008-12-01,0.1,0.416667,4.002,-1.2,False
Japan,2009-01-01,0.1,0.0,5.068,-5.7,False
Japan,2009-02-01,0.1,-0.104493,5.068,-5.7,False
Japan,2009-03-01,0.1,-0.208117,5.068,-5.7,False
Japan,2009-04-01,0.1,0.0,5.068,-5.7,False
Japan,2009-05-01,0.1,-1.033058,5.068,-5.7,False
Japan,2009-06-01,0.1,-1.747174,5.068,-5.7,False
Japan,2009-07-01,0.1,-2.25641,5.068,-5.7,False
Japan,2009-08-01,0.1,-2.249489,5.068,-5.7,False
Japan,2009-09-01,0.1,-2.249489,5.068,-5.7,False
Japan,2009-10-01,0.1,-2.558854,5.068,-5.7,False
Japan,2009-11-01,0.1,-1.859504,5.068,-5.7,False
Japan,2009-12-01,0.1,-1.659751,5.068,-5.7,False
Japan,2010-01-01,0.1,-1.042753,5.102,4.1,False
Japan,2010-02-01,0.1,-0.732218,5.102,4.1,False
Japan,2010-03-01,0.1,-0.834202,5.102,4.1,False
Japan,2010-04-01,0.1,-0.9375,5.102,4.1,False
Japan,2010-05-01,0.1,-0.730689,5.102,4.1,False
Japan,2010-06-01,0.1,-0.732218,5.102,4.1,False
Japan,2010-07-01,0.1,-0.944386,5.102,4.1,False
Japan,2010-08-01,0.1,-1.150628,5.102,4.1,False
Japan,2010-09-01,0.1,-0.941423,5.102,4.1,False
Japan,2010-10-01,0.05,-0.210084,5.102,4.1,False
Japan,2010-11-01,0.05,-0.315789,5.102,4.1,False
Japan,2010-12-01,0.05,-0.316456,5.102,4.1,False
Japan,2011-01-01,0.05,-0.52687,4.55,0.0,False
Japan,2011-02-01,0.05,-0.52687,4.55,0.0,False
Japan,2011-03-01,0.05,-0.525762,4.55,0.0,False
Japan,2011-04-01,0.05,-0.42061,4.55,0.0,False
Japan,2011-05-01,0.05,-0.42061,4.55,0.0,False
Japan,2011-06-01,0.05,-0.316122,4.55,0.0,False
Japan,2011-07-01,0.05,0.211864,4.55,0.0,False
Japan,2011-08-01,0.05,0.21164,4.55,0.0,False
Japan,2011-09-01,0.05,0.0,4.55,0.0,False
Japan,2011-10-01,0.05,-0.210526,4.55,0.0,False
Japan,2011-11-01,0.05,-0.527983,4.55,0.0,False
Japan,2011-12-01,0.05,-0.21164,4.55,0.0,False
Japan,2012-01-01,0.05,0.105932,4.358,1.4,False
Japan,2012-02-01,0.05,0.317797,4.358,1.4,False
Japan,2012-03-01,0.05,0.528541,4.358,1.4,False
Japan,2012-04-01,0.05,0.527983,4.358,1.4,False
Japan,2012-05-01,0.05,0.211193,4.358,1.4,False
Japan,2012-06-01,0.05,-0.211416,4.358,1.4,False
Japan,2012-07-01,0.05,-0.528541,4.358,1.4,False
Japan,2012-08-01,0.05,-0.422386,4.358,1.4,False
Japan,2012-09-01,0.05,-0.31679,4.358,1.4,False
Japan,2012-10-01,0.05,-0.421941,4.358,1.4,False
Japan,2012-11-01,0.05,-0.106157,4.358,1.4,False
Japan,2012-12-01,0.05,-0.212089,4.358,1.4,False
Japan,2013-01-01,0.05,-0.31746,4.038,2.0,False
Japan,2013-02-01,0.05,-0.739176,4.038,2.0,False
Japan,2013-03-01,0.05,-0.946372,4.038,2.0,False
Japan,2013-04-01,0.05,-0.735294,4.038,2.0,False
Japan,2013-05-01,,-0.316122,4.038,2.0,False
Japan,2013-06-01,,0.211864,4.038,2.0,False
Japan,2013-07-01,,0.743889,4.038,2.0,False
Japan,2013-08-01,,0.848356,4.038,2.0,False
Japan,2013-09-01,,1.059322,4.038,2.0,False
Japan,2013-10-01,,1.165254,4.038,2.0,False
Japan,2013-11-01,,1.487779,4.038,2.0,False
Japan,2013-12-01,,1.594049,4.038,2.0,False
Japan,2014-01-01,,1.380042,3.589,0.3,False
Japan,2014-02-01,,1.595745,3.589,0.3,False
Japan,2014-03-01,,1.592357,3.589,0.3,False
Japan,2014-04-01,,3.386243,3.589,0.3,False
Japan,2014-05-01,,3.699789,3.589,0.3,False
Japan,2014-06-01,,3.59408,3.589,0.3,False
Japan,2014-07-01,,3.481013,3.589,0.3,False
Japan,2014-08-01,,3.364879,3.589,0.3,False
Japan,2014-09-01,,3.249476,3.589,0.3,False
Japan,2014-10-01,,2.827225,3.589,0.3,False
Japan,2014-11-01,,2.513089,3.589,0.3,False
Japan,2014-12-01,,2.405858,3.589,0.3,False
Japan,2015-01-01,,2.408377,3.385,1.6,False
Japan,2015-02-01,,2.198953,3.385,1.6,False
Japan,2015-03-01,,2.298851,3.385,1.6,False
Japan,2015-04-01,,0.716479,3.385,1.6,False
Japan,2015-05-01,,0.611621,3.385,1.6,False
Japan,2015-06-01,,0.408163,3.385,1.6,False
Japan,2015-07-01,,0.203874,3.385,1.6,False
Japan,2015-08-01,,0.101729,3.385,1.6,False
Japan,2015-09-01,,0.0,3.385,1.6,False
Japan,2015-10-01,,0.305499,3.385,1.6,False
Japan,2015-11-01,,0.20429,3.385,1.6,False
Japan,2015-12-01,,0.20429,3.385,1.6,False
Japan,2016-01-01,,-0.102249,3.132,0.8,False
Japan,2016-02-01,,0.204918,3.132,0.8,False
Japan,2016-03-01,,0.0,3.132,0.8,False
Japan,2016-04-01,,-0.304878,3.132,0.8,False
Japan,2016-05-01,,-0.506586,3.132,0.8,False
Japan,2016-06-01,,-0.304878,3.132,0.8,False
Japan,2016-07-01,,-0.406918,3.132,0.8,False
Japan,2016-08-01,,-0.50813,3.132,0.8,False
Japan,2016-09-01,-0.1,-0.507614,3.132,0.8,False
Japan,2016-10-01,-0.1,0.101523,3.132,0.8,False
Japan,2016-11-01,-0.1,0.509684,3.132,0.8,False
Japan,2016-12-01,-0.1,0.30581,3.132,0.8,False
Japan,2017-01-01,-0.1,0.511771,2.822,1.7,False
Japan,2017-02-01,-0.1,0.306748,2.822,1.7,False
Japan,2017-03-01,-0.1,0.20429,2.822,1.7,False
Japan,2017-04-01,-0.1,0.407747,2.822,1.7,False
Japan,2017-05-01,-0.1,0.407332,2.822,1.7,False
Japan,2017-06-01,-0.1,0.407747,2.822,1.7,False
Japan,2017-07-01,-0.1,0.40858,2.822,1.7,False
Japan,2017-08-01,-0.1,0.61287,2.822,1.7,False
Japan,2017-09-01,-0.1,0.816327,2.822,1.7,False
Japan,2017-10-01,-0.1,0.20284,2.822,1.7,False
Japan,2017-11-01,-0.1,0.507099,2.822,1.7,False
Japan,2017-12-01,-0.1,1.01626,2.822,1.7,False
Japan,2018-01-01,-0.1,1.323829,2.467,0.6,False
Japan,2018-02-01,-0.1,1.427115,2.467,0.6,False
Japan,2018-03-01,-0.1,1.121305,2.467,0.6,False
Japan,2018-04-01,-0.1,0.609137,2.467,0.6,False
Japan,2018-05-01,-0.1,0.709939,2.467,0.6,False
Japan,2018-06-01,-0.1,0.71066,2.467,0.6,False
Japan,2018-07-01,-0.1,0.915565,2.467,0.6,False
Japan,2018-08-01,-0.1,1.319797,2.467,0.6,False
Japan,2018-09-01,-0.1,1.11336,2.467,0.6,False
Japan,2018-10-01,-0.1,1.417004,2.467,0.6,False
Japan,2018-11-01,-0.1,0.908174,2.467,0.6,False
Japan,2018-12-01,-0.1,0.301811,2.467,0.6,False
Japan,2019-01-01,-0.1,0.201005,2.351,-0.4,False
Japan,2019-02-01,-0.1,0.201005,2.351,-0.4,False
Japan,2019-03-01,-0.1,0.504032,2.351,-0.4,False
Japan,2019-04-01,-0.1,0.908174,2.351,-0.4,False
Japan,2019-05-01,-0.1,0.704935,2.351,-0.4,False
Japan,2019-06-01,-0.1,0.604839,2.351,-0.4,False
Japan,2019-07-01,-0.1,0.604839,2.351,-0.4,False
Japan,2019-08-01,-0.1,0.200401,2.351,-0.4,False
Japan,2019-09-01,-0.1,0.2002,2.351,-0.4,False
Japan,2019-10-01,-0.1,0.199601,2.351,-0.4,False
Japan,2019-11-01,-0.1,0.5,2.351,-0.4,False
Japan,2019-12-01,-0.1,0.802407,2.351,-0.4,False
Japan,2020-01-01,-0.1,0.802407,2.809,-4.2,False
Japan,2020-02-01,-0.1,0.601805,2.809,-4.2,False
Japan,2020-03-01,-0.1,0.601805,2.809,-4.2,False
Japan,2020-04-01,-0.1,0.2,2.809,-4.2,False
Japan,2020-05-01,-0.1,0.1,2.809,-4.2,False
Japan,2020-06-01,-0.1,0.1002,2.809,-4.2,False
Japan,2020-07-01,-0.1,0.200401,2.809,-4.2,False
Japan,2020-08-01,-0.1,0.1,2.809,-4.2,False
Japan,2020-09-01,-0.1,-0.1998,2.809,-4.2,False
Japan,2020-10-01,-0.1,-0.59761,2.809,-4.2,False
Japan,2020-11-01,-0.1,-0.995025,2.809,-4.2,False
Japan,2020-12-01,-0.1,-1.19403,2.809,-4.2,False
Japan,2021-01-01,-0.1,-0.696517,2.808,2.7,False
Japan,2021-02-01,-0.1,-0.498504,2.808,2.7,False
Japan,2021-03-01,-0.1,-0.398804,2.808,2.7,False
Japan,2021-04-01,-0.1,-1.097804,2.808,2.7,False
Japan,2021-05-01,-0.1,-0.699301,2.808,2.7,False
Japan,2021-06-01,-0.1,-0.4004,2.808,2.7,False
Japan,2021-07-01,-0.1,-0.3,2.808,2.7,False
Japan,2021-08-01,-0.1,-0.3996,2.808,2.7,False
Japan,2021-09-01,-0.1,0.2002,2.808,2.7,False
Japan,2021-10-01,-0.1,0.1002,2.808,2.7,False
Japan,2021-11-01,-0.1,0.603015,2.808,2.7,False
Japan,2021-12-01,-0.1,0.805639,2.808,2.7,False
Japan,2022-01-01,-0.1,0.501002,2.614,1.0,False
Japan,2022-02-01,-0.1,0.901804,2.614,1.0,False
Japan,2022-03-01,-0.1,1.201201,2.614,1.0,False
Japan,2022-04-01,-0.1,2.421796,2.614,1.0,False
Japan,2022-05-01,-0.1,2.414487,2.614,1.0,False
Japan,2022-06-01,-0.1,2.311558,2.614,1.0,False
Japan,2022-07-01,-0.1,2.607823,2.614,1.0,False
Japan,2022-08-01,-0.1,3.009027,2.614,1.0,False
Japan,2022-09-01,-0.1,2.997003,2.614,1.0,False
Japan,2022-10-01,-0.1,3.803804,2.614,1.0,False
Japan,2022-11-01,-0.1,3.796204,2.614,1.0,False
Japan,2022-12-01,-0.1,3.996004,2.614,1.0,False
Japan,2023-01-01,-0.1,4.386839,2.6,1.2,False
Japan,2023-02-01,-0.1,3.277061,2.6,1.2,False
Japan,2023-03-01,-0.1,3.264095,2.6,1.2,False
Japan,2023-04-01,-0.1,3.546798,2.6,1.2,False
Japan,2023-05-01,-0.1,3.24165,2.6,1.2,False
Japan,2023-06-01,-0.1,3.339882,2.6,1.2,False
Japan,2023-07-01,-0.1,3.323558,2.6,1.2,False
Japan,2023-08-01,-0.1,3.115871,2.6,1.2,False
Japan,2023-09-01,-0.1,3.00679,2.6,1.2,False
Japan,2023-10-01,-0.1,3.278689,2.6,1.2,False
Japan,2023-11-01,-0.1,2.887392,2.6,1.2,False
Japan,2023-12-01,-0.1,2.59366,2.6,1.2,False
Japan,2024-01-01,-0.1,2.101242,2.5,0.1,False
Japan,2024-02-01,-0.1,2.788462,2.5,0.1,False
Japan,2024-03-01,0.05,2.681992,2.5,0.1,False
Japan,2024-04-01,0.05,2.473834,2.5,0.1,False
Japan,2024-05-01,0.05,2.854424,2.5,0.1,False
Japan,2024-06-01,0.05,2.851711,2.5,0.1,False
Japan,2024-07-01,0.05,2.743614,2.5,0.1,False
Japan,2024-08-01,0.25,3.021719,2.5,0.1,False
Japan,2024-09-01,0.25,2.542373,2.5,0.1,False
Japan,2024-10-01,0.25,2.240896,2.5,0.1,False
Japan,2024-11-01,0.25,2.899906,2.5,0.1,False
Japan,2024-12-01,0.25,3.651685,2.5,0.1,False
Japan,2025-01-01,0.5,4.022451,2.451,1.1,True
Japan,2025-02-01,0.5,3.648269,2.451,1.1,True
Japan,2025-03-01,0.5,3.63806,2.451,1.1,True
Japan,2025-04-01,0.5,3.528319,2.451,1.1,True
Japan,2025-05-01,0.5,3.422757,2.451,1.1,True
Japan,2025-06-01,0.5,3.23475,2.451,1.1,True
Japan,2025-07-01,0.5,3.038674,2.451,1.1,True
Japan,2025-08-01,0.5,2.749771,2.451,1.1,True
Japan,2025-09-01,0.5,2.846648,2.451,1.1,True
Japan,2025-10-01,0.5,3.013699,2.451,1.1,True
Japan,2025-11-01,0.5,2.909091,2.451,1.1,True
Japan,2025-12-01,0.75,2.077687,2.451,1.1,True
Japan,2026-01-01,0.75,,2.451,0.6,True
Japan,2026-02-01,0.75,,2.451,0.6,True
Japan,2026-03-01,,,2.451,0.6,True
Switzerland,2007-01-01,2.0,,3.641,3.9,False
Switzerland,2007-02-01,2.0,,3.641,3.9,False
Switzerland,2007-03-01,2.25,,3.641,3.9,False
Switzerland,2007-04-01,2.25,,3.641,3.9,False
Switzerland,2007-05-01,2.25,,3.641,3.9,False
Switzerland,2007-06-01,2.5,,3.641,3.9,False
Switzerland,2007-07-01,2.5,,3.641,3.9,False
Switzerland,2007-08-01,2.5,,3.641,3.9,False
Switzerland,2007-09-01,2.75,,3.641,3.9,False
Switzerland,2007-10-01,2.75,,3.641,3.9,False
Switzerland,2007-11-01,2.75,,3.641,3.9,False
Switzerland,2007-12-01,2.75,,3.641,3.9,False
Switzerland,2008-01-01,2.75,2.426196,3.35,2.7,False
Switzerland,2008-02-01,2.75,2.364614,3.35,2.7,False
Switzerland,2008-03-01,2.75,2.630809,3.35,2.7,False
Switzerland,2008-04-01,2.75,2.28399,3.35,2.7,False
Switzerland,2008-05-01,2.75,2.855402,3.35,2.7,False
Switzerland,2008-06-01,2.75,2.911607,3.35,2.7,False
Switzerland,2008-07-01,2.75,3.074703,3.35,2.7,False
Switzerland,2008-08-01,2.75,2.921545,3.35,2.7,False
Switzerland,2008-09-01,2.75,2.927206,3.35,2.7,False
Switzerland,2008-10-01,2.5,2.598059,3.35,2.7,False
Switzerland,2008-11-01,1.0,1.452098,3.35,2.7,False
Switzerland,2008-12-01,0.5,0.700904,3.35,2.7,False
Switzerland,2009-01-01,0.5,0.139111,4.109,-2.3,False
Switzerland,2009-02-01,0.5,0.237508,4.109,-2.3,False
Switzerland,2009-03-01,0.375,-0.424074,4.109,-2.3,False
Switzerland,2009-04-01,0.375,-0.333814,4.109,-2.3,False
Switzerland,2009-05-01,0.375,-0.961106,4.109,-2.3,False
Switzerland,2009-06-01,0.375,-0.950914,4.109,-2.3,False
Switzerland,2009-07-01,0.375,-1.177682,4.109,-2.3,False
Switzerland,2009-08-01,0.375,-0.81004,4.109,-2.3,False
Switzerland,2009-09-01,0.375,-0.922441,4.109,-2.3,False
Switzerland,2009-10-01,0.375,-0.833703,4.109,-2.3,False
Switzerland,2009-11-01,0.375,0.023896,4.109,-2.3,False
Switzerland,2009-12-01,0.375,0.28279,4.109,-2.3,False
Switzerland,2010-01-01,0.375,1.023742,4.808,3.2,False
Switzerland,2010-02-01,0.375,0.932771,4.808,3.2,False
Switzerland,2010-03-01,0.375,1.399701,4.808,3.2,False
Switzerland,2010-04-01,0.375,1.37265,4.808,3.2,False
Switzerland,2010-05-01,0.375,1.106665,4.808,3.2,False
Switzerland,2010-06-01,0.375,0.486246,4.808,3.2,False
Switzerland,2010-07-01,0.375,0.418444,4.808,3.2,False
Switzerland,2010-08-01,0.375,0.293542,4.808,3.2,False
Switzerland,2010-09-01,0.375,0.283075,4.808,3.2,False
Switzerland,2010-10-01,0.375,0.193913,4.808,3.2,False
Switzerland,2010-11-01,0.375,0.241109,4.808,3.2,False
Switzerland,2010-12-01,0.375,0.519466,4.808,3.2,False
Switzerland,2011-01-01,0.375,0.278504,4.409,1.9,False
Switzerland,2011-02-01,0.375,0.510113,4.409,1.9,False
Switzerland,2011-03-01,0.375,1.004296,4.409,1.9,False
Switzerland,2011-04-01,0.375,0.258867,4.409,1.9,False
Switzerland,2011-05-01,0.375,0.369102,4.409,1.9,False
Switzerland,2011-06-01,0.375,0.56421,4.409,1.9,False
Switzerland,2011-07-01,0.375,0.472014,4.409,1.9,False
Switzerland,2011-08-01,0.125,0.192195,4.409,1.9,False
Switzerland,2011-09-01,0.125,0.485731,4.409,1.9,False
Switzerland,2011-10-01,0.125,-0.112502,4.409,1.9,False
Switzerland,2011-11-01,0.125,-0.525783,4.409,1.9,False
Switzerland,2011-12-01,0.125,-0.714615,4.409,1.9,False
Switzerland,2012-01-01,0.125,-0.789485,4.491,1.2,False
Switzerland,2012-02-01,0.125,-0.883576,4.491,1.2,False
Switzerland,2012-03-01,0.125,-0.954271,4.491,1.2,False
Switzerland,2012-04-01,0.125,-0.989465,4.491,1.2,False
Switzerland,2012-05-01,0.125,-1.013666,4.491,1.2,False
Switzerland,2012-06-01,0.125,-1.053706,4.491,1.2,False
Switzerland,2012-07-01,0.125,-0.714011,4.491,1.2,False
Switzerland,2012-08-01,0.125,-0.453015,4.491,1.2,False
Switzerland,2012-09-01,0.125,-0.411365,4.491,1.2,False
Switzerland,2012-10-01,0.125,-0.222097,4.491,1.2,False
Switzerland,2012-11-01,0.125,-0.375418,4.491,1.2,False
Switzerland,2012-12-01,0.125,-0.434455,4.491,1.2,False
Switzerland,2013-01-01,0.125,-0.269644,4.747,1.9,False
Switzerland,2013-02-01,0.125,-0.256077,4.747,1.9,False
Switzerland,2013-03-01,0.125,-0.593638,4.747,1.9,False
Switzerland,2013-04-01,0.125,-0.634431,4.747,1.9,False
Switzerland,2013-05-01,0.125,-0.507341,4.747,1.9,False
Switzerland,2013-06-01,0.125,-0.127985,4.747,1.9,False
Switzerland,2013-07-01,0.125,-0.002757,4.747,1.9,False
Switzerland,2013-08-01,0.125,-0.044543,4.747,1.9,False
Switzerland,2013-09-01,0.125,-0.055399,4.747,1.9,False
Switzerland,2013-10-01,0.125,-0.255326,4.747,1.9,False
Switzerland,2013-11-01,0.125,0.07988,4.747,1.9,False
Switzerland,2013-12-01,0.125,0.067098,4.747,1.9,False
Switzerland,2014-01-01,0.125,0.054394,4.826,2.3,False
Switzerland,2014-02-01,0.125,-0.141156,4.826,2.3,False
Switzerland,2014-03-01,0.125,0.002859,4.826,2.3,False
Switzerland,2014-04-01,0.125,0.038006,4.826,2.3,False
Switzerland,2014-05-01,0.125,0.220701,4.826,2.3,False
Switzerland,2014-06-01,0.125,0.04976,4.826,2.3,False
Switzerland,2014-07-01,0.125,0.031807,4.826,2.3,False
Switzerland,2014-08-01,0.125,0.071618,4.826,2.3,False
Switzerland,2014-09-01,0.125,-0.087694,4.826,2.3,False
Switzerland,2014-10-01,0.125,-0.012598,4.826,2.3,False
Switzerland,2014-11-01,0.125,-0.058645,4.826,2.3,False
Switzerland,2014-12-01,-0.25,-0.328476,4.826,2.3,False
Switzerland,2015-01-01,-0.75,-0.485236,4.801,1.6,False
Switzerland,2015-02-01,-0.75,-0.839631,4.801,1.6,False
Switzerland,2015-03-01,-0.75,-0.874729,4.801,1.6,False
Switzerland,2015-04-01,-0.75,-1.122713,4.801,1.6,False
Switzerland,2015-05-01,-0.75,-1.181796,4.801,1.6,False
Switzerland,2015-06-01,-0.75,-1.037357,4.801,1.6,False
Switzerland,2015-07-01,-0.75,-1.275919,4.801,1.6,False
Switzerland,2015-08-01,-0.75,-1.402394,4.801,1.6,False
Switzerland,2015-09-01,-0.75,-1.443615,4.801,1.6,False
Switzerland,2015-10-01,-0.75,-1.35989,4.801,1.6,False
Switzerland,2015-11-01,-0.75,-1.392515,4.801,1.6,False
Switzerland,2015-12-01,-0.75,-1.308335,4.801,1.6,False
Switzerland,2016-01-01,-0.75,-1.266739,4.918,2.1,False
Switzerland,2016-02-01,-0.75,-0.828413,4.918,2.1,False
Switzerland,2016-03-01,-0.75,-0.86076,4.918,2.1,False
Switzerland,2016-04-01,-0.75,-0.351908,4.918,2.1,False
Switzerland,2016-05-01,-0.75,-0.439931,4.918,2.1,False
Switzerland,2016-06-01,-0.75,-0.373987,4.918,2.1,False
Switzerland,2016-07-01,-0.75,-0.202912,4.918,2.1,False
Switzerland,2016-08-01,-0.75,-0.143127,4.918,2.1,False
Switzerland,2016-09-01,-0.75,-0.181443,4.918,2.1,False
Switzerland,2016-10-01,-0.75,-0.21285,4.918,2.1,False
Switzerland,2016-11-01,-0.75,-0.338249,4.918,2.1,False
Switzerland,2016-12-01,-0.75,-0.006687,4.918,2.1,False
Switzerland,2017-01-01,-0.75,0.348981,4.797,1.4,False
Switzerland,2017-02-01,-0.75,0.645981,4.797,1.4,False
Switzerland,2017-03-01,-0.75,0.567903,4.797,1.4,False
Switzerland,2017-04-01,-0.75,0.437787,4.797,1.4,False
Switzerland,2017-05-01,-0.75,0.479413,4.797,1.4,False
Switzerland,2017-06-01,-0.75,0.197174,4.797,1.4,False
Switzerland,2017-07-01,-0.75,0.329299,4.797,1.4,False
Switzerland,2017-08-01,-0.75,0.462732,4.797,1.4,False
Switzerland,2017-09-01,-0.75,0.651973,4.797,1.4,False
Switzerland,2017-10-01,-0.75,0.660994,4.797,1.4,False
Switzerland,2017-11-01,-0.75,0.787111,4.797,1.4,False
Switzerland,2017-12-01,-0.75,0.83865,4.797,1.4,False
Switzerland,2018-01-01,-0.75,0.740207,4.713,2.9,False
Switzerland,2018-02-01,-0.75,0.627982,4.713,2.9,False
Switzerland,2018-03-01,-0.75,0.795396,4.713,2.9,False
Switzerland,2018-04-01,-0.75,0.803211,4.713,2.9,False
Switzerland,2018-05-01,-0.75,0.999189,4.713,2.9,False
Switzerland,2018-06-01,-0.75,1.146618,4.713,2.9,False
Switzerland,2018-07-01,-0.75,1.230418,4.713,2.9,False
Switzerland,2018-08-01,-0.75,1.180926,4.713,2.9,False
Switzerland,2018-09-01,-0.75,0.989481,4.713,2.9,False
Switzerland,2018-10-01,-0.75,1.106533,4.713,2.9,False
Switzerland,2018-11-01,-0.75,0.922015,4.713,2.9,False
Switzerland,2018-12-01,-0.75,0.691547,4.713,2.9,False
Switzerland,2019-01-01,-0.75,0.560073,4.394,1.2,False
Switzerland,2019-02-01,-0.75,0.57871,4.394,1.2,False
Switzerland,2019-03-01,-0.75,0.729056,4.394,1.2,False
Switzerland,2019-04-01,-0.75,0.708123,4.394,1.2,False
Switzerland,2019-05-01,-0.75,0.634313,4.394,1.2,False
Switzerland,2019-06-01,-0.75,0.600257,4.394,1.2,False
Switzerland,2019-07-01,-0.75,0.311624,4.394,1.2,False
Switzerland,2019-08-01,-0.75,0.318032,4.394,1.2,False
Switzerland,2019-09-01,-0.75,0.148334,4.394,1.2,False
Switzerland,2019-10-01,-0.75,-0.253128,4.394,1.2,False
Switzerland,2019-11-01,-0.75,-0.131179,4.394,1.2,False
Switzerland,2019-12-01,-0.75,0.155738,4.394,1.2,False
Switzerland,2020-01-01,-0.75,0.202267,4.817,-2.3,False
Switzerland,2020-02-01,-0.75,-0.062281,4.817,-2.3,False
Switzerland,2020-03-01,-0.75,-0.515236,4.817,-2.3,False
Switzerland,2020-04-01,-0.75,-1.063196,4.817,-2.3,False
Switzerland,2020-05-01,-0.75,-1.324585,4.817,-2.3,False
Switzerland,2020-06-01,-0.75,-1.274869,4.817,-2.3,False
Switzerland,2020-07-01,-0.75,-0.919826,4.817,-2.3,False
Switzerland,2020-08-01,-0.75,-0.866167,4.817,-2.3,False
Switzerland,2020-09-01,-0.75,-0.799879,4.817,-2.3,False
Switzerland,2020-10-01,-0.75,-0.570268,4.817,-2.3,False
Switzerland,2020-11-01,-0.75,-0.684767,4.817,-2.3,False
Switzerland,2020-12-01,-0.75,-0.813754,4.817,-2.3,False
Switzerland,2021-01-01,-0.75,-0.544243,5.013,5.6,False
Switzerland,2021-02-01,-0.75,-0.50397,5.013,5.6,False
Switzerland,2021-03-01,-0.75,-0.245161,5.013,5.6,False
Switzerland,2021-04-01,-0.75,0.32804,5.013,5.6,False
Switzerland,2021-05-01,-0.75,0.550973,5.013,5.6,False
Switzerland,2021-06-01,-0.75,0.604487,5.013,5.6,False
Switzerland,2021-07-01,-0.75,0.678769,5.013,5.6,False
Switzerland,2021-08-01,-0.75,0.881618,5.013,5.6,False
Switzerland,2021-09-01,-0.75,0.942422,5.013,5.6,False
Switzerland,2021-10-01,-0.75,1.241922,5.013,5.6,False
Switzerland,2021-11-01,-0.75,1.532814,5.013,5.6,False
Switzerland,2021-12-01,-0.75,1.531035,5.013,5.6,False
Switzerland,2022-01-01,-0.75,1.648718,4.122,3.1,False
Switzerland,2022-02-01,-0.75,2.150828,4.122,3.1,False
Switzerland,2022-03-01,-0.75,2.386173,4.122,3.1,False
Switzerland,2022-04-01,-0.75,2.548032,4.122,3.1,False
Switzerland,2022-05-01,-0.75,2.942462,4.122,3.1,False
Switzerland,2022-06-01,-0.25,3.385032,4.122,3.1,False
Switzerland,2022-07-01,-0.25,3.43342,4.122,3.1,False
Switzerland,2022-08-01,-0.25,3.452147,4.122,3.1,False
Switzerland,2022-09-01,0.5,3.252426,4.122,3.1,False
Switzerland,2022-10-01,0.5,2.995985,4.122,3.1,False
Switzerland,2022-11-01,0.5,2.960215,4.122,3.1,False
Switzerland,2022-12-01,1.0,2.840318,4.122,3.1,False
Switzerland,2023-01-01,1.0,3.282541,4.043,0.7,False
Switzerland,2023-02-01,1.0,3.371875,4.043,0.7,False
Switzerland,2023-03-01,1.5,2.945349,4.043,0.7,False
Switzerland,2023-04-01,1.5,2.565336,4.043,0.7,False
Switzerland,2023-05-01,1.5,2.158676,4.043,0.7,False
Switzerland,2023-06-01,1.75,1.710809,4.043,0.7,False
Switzerland,2023-07-01,1.75,1.605125,4.043,0.7,False
Switzerland,2023-08-01,1.75,1.554256,4.043,0.7,False
Switzerland,2023-09-01,1.75,1.654642,4.043,0.7,False
Switzerland,2023-10-01,1.75,1.693407,4.043,0.7,False
Switzerland,2023-11-01,1.75,1.443684,4.043,0.7,False
Switzerland,2023-12-01,1.75,1.714866,4.043,0.7,False
Switzerland,2024-01-01,1.75,1.278657,4.343,1.4,False
Switzerland,2024-02-01,1.75,1.168439,4.343,1.4,False
Switzerland,2024-03-01,1.5,1.044869,4.343,1.4,False
Switzerland,2024-04-01,1.5,1.36778,4.343,1.4,False
Switzerland,2024-05-01,1.5,1.390122,4.343,1.4,False
Switzerland,2024-06-01,1.25,1.328084,4.343,1.4,False
Switzerland,2024-07-01,1.25,1.290587,4.343,1.4,False
Switzerland,2024-08-01,1.25,1.060383,4.343,1.4,False
Switzerland,2024-09-01,1.0,0.843025,4.343,1.4,False
Switzerland,2024-10-01,1.0,0.622971,4.343,1.4,False
Switzerland,2024-11-01,1.0,0.73076,4.343,1.4,False
Switzerland,2024-12-01,0.5,0.626493,4.343,1.4,False
Switzerland,2025-01-01,0.5,0.401572,4.873,0.9,True
Switzerland,2025-02-01,0.5,0.324719,4.873,0.9,True
Switzerland,2025-03-01,0.25,0.342292,4.873,0.9,True
Switzerland,2025-04-01,0.25,0.034241,4.873,0.9,True
Switzerland,2025-05-01,0.25,-0.099762,4.873,0.9,True
Switzerland,2025-06-01,0.0,0.078021,4.873,0.9,True
Switzerland,2025-07-01,0.0,0.217976,4.873,0.9,True
Switzerland,2025-08-01,0.0,0.152167,4.873,0.9,True
Switzerland,2025-09-01,0.0,0.22443,4.873,0.9,True
Switzerland,2025-10-01,0.0,0.095878,4.873,0.9,True
Switzerland,2025-11-01,0.0,0.021102,4.873,0.9,True
Switzerland,2025-12-01,0.0,0.06314,4.873,0.9,True
Switzerland,2026-01-01,0.0,0.058068,4.873,1.3,True
Switzerland,2026-02-01,0.0,,4.873,1.3,True
Switzerland,2026-03-01,,,4.873,1.3,True
United Kingdom,2007-01-01,5.25,,5.399,2.6,False
United Kingdom,2007-02-01,5.25,,5.399,2.6,False
United Kingdom,2007-03-01,5.25,,5.399,2.6,False
United Kingdom,2007-04-01,5.25,,5.399,2.6,False
United Kingdom,2007-05-01,5.5,,5.399,2.6,False
United Kingdom,2007-06-01,5.5,,5.399,2.6,False
United Kingdom,2007-07-01,5.75,,5.399,2.6,False
United Kingdom,2007-08-01,5.75,,5.399,2.6,False
United Kingdom,2007-09-01,5.75,,5.399,2.6,False
United Kingdom,2007-10-01,5.75,,5.399,2.6,False
United Kingdom,2007-11-01,5.75,,5.399,2.6,False
United Kingdom,2007-12-01,5.5,,5.399,2.6,False
United Kingdom,2008-01-01,5.5,2.233251,5.748,-0.2,False
United Kingdom,2008-02-01,5.25,2.469136,5.748,-0.2,False
United Kingdom,2008-03-01,5.25,2.457002,5.748,-0.2,False
United Kingdom,2008-04-01,5.0,2.941176,5.748,-0.2,False
United Kingdom,2008-05-01,5.0,3.422983,5.748,-0.2,False
United Kingdom,2008-06-01,5.0,3.902439,5.748,-0.2,False
United Kingdom,2008-07-01,5.0,4.417178,5.748,-0.2,False
United Kingdom,2008-08-01,5.0,4.767726,5.748,-0.2,False
United Kingdom,2008-09-01,5.0,5.128205,5.748,-0.2,False
United Kingdom,2008-10-01,4.5,4.374241,5.748,-0.2,False
United Kingdom,2008-11-01,3.0,4.0,5.748,-0.2,False
United Kingdom,2008-12-01,2.0,3.012048,5.748,-0.2,False
United Kingdom,2009-01-01,1.5,3.033981,7.683,-4.6,False
United Kingdom,2009-02-01,1.0,3.13253,7.683,-4.6,False
United Kingdom,2009-03-01,0.5,2.877698,7.683,-4.6,False
United Kingdom,2009-04-01,0.5,2.380952,7.683,-4.6,False
United Kingdom,2009-05-01,0.5,2.12766,7.683,-4.6,False
United Kingdom,2009-06-01,0.5,1.760563,7.683,-4.6,False
United Kingdom,2009-07-01,0.5,1.880141,7.683,-4.6,False
United Kingdom,2009-08-01,0.5,1.516919,7.683,-4.6,False
United Kingdom,2009-09-01,0.5,1.16144,7.683,-4.6,False
United Kingdom,2009-10-01,0.5,1.513388,7.683,-4.6,False
United Kingdom,2009-11-01,0.5,1.981352,7.683,-4.6,False
United Kingdom,2009-12-01,0.5,2.923977,7.683,-4.6,False
United Kingdom,2010-01-01,0.5,3.415783,7.973,2.2,False
United Kingdom,2010-02-01,0.5,3.037383,7.973,2.2,False
United Kingdom,2010-03-01,0.5,3.379953,7.973,2.2,False
United Kingdom,2010-04-01,0.5,3.72093,7.973,2.2,False
United Kingdom,2010-05-01,0.5,3.472222,7.973,2.2,False
United Kingdom,2010-06-01,0.5,3.229527,7.973,2.2,False
United Kingdom,2010-07-01,0.5,2.998847,7.973,2.2,False
United Kingdom,2010-08-01,0.5,3.218391,7.973,2.2,False
United Kingdom,2010-09-01,0.5,3.099885,7.973,2.2,False
United Kingdom,2010-10-01,0.5,3.211009,7.973,2.2,False
United Kingdom,2010-11-01,0.5,3.2,7.973,2.2,False
United Kingdom,2010-12-01,0.5,3.636364,7.973,2.2,False
United Kingdom,2011-01-01,0.5,3.986333,8.195,1.1,False
United Kingdom,2011-02-01,0.5,4.30839,8.195,1.1,False
United Kingdom,2011-03-01,0.5,3.945885,8.195,1.1,False
United Kingdom,2011-04-01,0.5,4.484305,8.195,1.1,False
United Kingdom,2011-05-01,0.5,4.474273,8.195,1.1,False
United Kingdom,2011-06-01,0.5,4.24581,8.195,1.1,False
United Kingdom,2011-07-01,0.5,4.479283,8.195,1.1,False
United Kingdom,2011-08-01,0.5,4.454343,8.195,1.1,False
United Kingdom,2011-09-01,0.5,5.122494,8.195,1.1,False
United Kingdom,2011-10-01,0.5,5.0,8.195,1.1,False
United Kingdom,2011-11-01,0.5,4.761905,8.195,1.1,False
United Kingdom,2011-12-01,0.5,4.276316,8.195,1.1,False
United Kingdom,2012-01-01,0.5,3.614458,8.279,1.5,False
United Kingdom,2012-02-01,0.5,3.369565,8.279,1.5,False
United Kingdom,2012-03-01,0.5,3.470716,8.279,1.5,False
United Kingdom,2012-04-01,0.5,3.004292,8.279,1.5,False
United Kingdom,2012-05-01,0.5,2.67666,8.279,1.5,False
United Kingdom,2012-06-01,0.5,2.357985,8.279,1.5,False
United Kingdom,2012-07-01,0.5,2.465166,8.279,1.5,False
United Kingdom,2012-08-01,0.5,2.452026,8.279,1.5,False
United Kingdom,2012-09-01,0.5,2.224576,8.279,1.5,False
United Kingdom,2012-10-01,0.5,2.645503,8.279,1.5,False
United Kingdom,2012-11-01,0.5,2.748414,8.279,1.5,False
United Kingdom,2012-12-01,0.5,2.628812,8.279,1.5,False
United Kingdom,2013-01-01,0.5,2.642706,7.752,1.8,False
United Kingdom,2013-02-01,0.5,2.839117,7.752,1.8,False
United Kingdom,2013-03-01,0.5,2.830189,7.752,1.8,False
United Kingdom,2013-04-01,0.5,2.395833,7.752,1.8,False
United Kingdom,2013-05-01,0.5,2.711157,7.752,1.8,False
United Kingdom,2013-06-01,0.5,2.931937,7.752,1.8,False
United Kingdom,2013-07-01,0.5,2.824268,7.752,1.8,False
United Kingdom,2013-08-01,0.5,2.705515,7.752,1.8,False
United Kingdom,2013-09-01,0.5,2.694301,7.752,1.8,False
United Kingdom,2013-10-01,0.5,2.164948,7.752,1.8,False
United Kingdom,2013-11-01,0.5,2.057613,7.752,1.8,False
United Kingdom,2013-12-01,0.5,2.04918,7.752,1.8,False
United Kingdom,2014-01-01,0.5,1.956746,6.398,3.2,False
United Kingdom,2014-02-01,0.5,1.738241,6.398,3.2,False
United Kingdom,2014-03-01,0.5,1.630989,6.398,3.2,False
United Kingdom,2014-04-01,0.5,1.831129,6.398,3.2,False
United Kingdom,2014-05-01,0.5,1.522843,6.398,3.2,False
United Kingdom,2014-06-01,0.5,1.932859,6.398,3.2,False
United Kingdom,2014-07-01,0.5,1.62767,6.398,3.2,False
United Kingdom,2014-08-01,0.5,1.519757,6.398,3.2,False
United Kingdom,2014-09-01,0.5,1.210898,6.398,3.2,False
United Kingdom,2014-10-01,0.5,1.311806,6.398,3.2,False
United Kingdom,2014-11-01,0.5,0.907258,6.398,3.2,False
United Kingdom,2014-12-01,0.5,0.502008,6.398,3.2,False
United Kingdom,2015-01-01,0.5,0.30303,5.552,2.2,False
United Kingdom,2015-02-01,0.5,0.0,5.552,2.2,False
United Kingdom,2015-03-01,0.5,0.0,5.552,2.2,False
United Kingdom,2015-04-01,0.5,-0.1998,5.552,2.2,False
United Kingdom,2015-05-01,0.5,0.1,5.552,2.2,False
United Kingdom,2015-06-01,0.5,0.0,5.552,2.2,False
United Kingdom,2015-07-01,0.5,0.1001,5.552,2.2,False
United Kingdom,2015-08-01,0.5,0.0998,5.552,2.2,False
United Kingdom,2015-09-01,0.5,-0.099701,5.552,2.2,False
United Kingdom,2015-10-01,0.5,-0.099602,5.552,2.2,False
United Kingdom,2015-11-01,0.5,0.1998,5.552,2.2,False
United Kingdom,2015-12-01,0.5,0.1998,5.552,2.2,False
United Kingdom,2016-01-01,0.5,0.20141,4.909,1.9,False
United Kingdom,2016-02-01,0.5,0.301508,4.909,1.9,False
United Kingdom,2016-03-01,0.5,0.501505,4.909,1.9,False
United Kingdom,2016-04-01,0.5,0.3003,4.909,1.9,False
United Kingdom,2016-05-01,0.5,0.2997,4.909,1.9,False
United Kingdom,2016-06-01,0.5,0.399202,4.909,1.9,False
United Kingdom,2016-07-01,0.5,0.6,4.909,1.9,False
United Kingdom,2016-08-01,0.25,0.598205,4.909,1.9,False
United Kingdom,2016-09-01,0.25,0.898204,4.909,1.9,False
United Kingdom,2016-10-01,0.25,0.897308,4.909,1.9,False
United Kingdom,2016-11-01,0.25,1.09671,4.909,1.9,False
United Kingdom,2016-12-01,0.25,1.595214,4.909,1.9,False
United Kingdom,2017-01-01,0.25,1.909548,4.501,2.7,False
United Kingdom,2017-02-01,0.25,2.304609,4.501,2.7,False
United Kingdom,2017-03-01,0.25,2.295409,4.501,2.7,False
United Kingdom,2017-04-01,0.25,2.694611,4.501,2.7,False
United Kingdom,2017-05-01,0.25,2.888446,4.501,2.7,False
United Kingdom,2017-06-01,0.25,2.683897,4.501,2.7,False
United Kingdom,2017-07-01,0.25,2.584493,4.501,2.7,False
United Kingdom,2017-08-01,0.25,2.874133,4.501,2.7,False
United Kingdom,2017-09-01,0.25,2.967359,4.501,2.7,False
United Kingdom,2017-10-01,0.25,2.964427,4.501,2.7,False
United Kingdom,2017-11-01,0.5,3.155819,4.501,2.7,False
United Kingdom,2017-12-01,0.5,2.944063,4.501,2.7,False
United Kingdom,2018-01-01,0.5,2.95858,4.145,1.4,False
United Kingdom,2018-02-01,0.5,2.742409,4.145,1.4,False
United Kingdom,2018-03-01,0.5,2.439024,4.145,1.4,False
United Kingdom,2018-04-01,0.5,2.429543,4.145,1.4,False
United Kingdom,2018-05-01,0.5,2.420136,4.145,1.4,False
United Kingdom,2018-06-01,0.5,2.420136,4.145,1.4,False
United Kingdom,2018-07-01,0.5,2.51938,4.145,1.4,False
United Kingdom,2018-08-01,0.75,2.601156,4.145,1.4,False
United Kingdom,2018-09-01,0.75,2.401537,4.145,1.4,False
United Kingdom,2018-10-01,0.75,2.399232,4.145,1.4,False
United Kingdom,2018-11-01,0.75,2.294455,4.145,1.4,False
United Kingdom,2018-12-01,0.75,2.097235,4.145,1.4,False
United Kingdom,2019-01-01,0.75,1.819923,3.657,1.6,False
United Kingdom,2019-02-01,0.75,1.811249,3.657,1.6,False
United Kingdom,2019-03-01,0.75,1.904762,3.657,1.6,False
United Kingdom,2019-04-01,0.75,2.087287,3.657,1.6,False
United Kingdom,2019-05-01,0.75,1.984877,3.657,1.6,False
United Kingdom,2019-06-01,0.75,1.984877,3.657,1.6,False
United Kingdom,2019-07-01,0.75,1.984877,3.657,1.6,False
United Kingdom,2019-08-01,0.75,1.784038,3.657,1.6,False
United Kingdom,2019-09-01,0.75,1.782364,3.657,1.6,False
United Kingdom,2019-10-01,0.75,1.499531,3.657,1.6,False
United Kingdom,2019-11-01,0.75,1.401869,3.657,1.6,False
United Kingdom,2019-12-01,0.75,1.30719,3.657,1.6,False
United Kingdom,2020-01-01,0.75,1.787394,4.472,-10.3,False
United Kingdom,2020-02-01,0.75,1.685393,4.472,-10.3,False
United Kingdom,2020-03-01,0.1,1.495327,4.472,-10.3,False
United Kingdom,2020-04-01,0.1,0.836431,4.472,-10.3,False
United Kingdom,2020-05-01,0.1,0.55607,4.472,-10.3,False
United Kingdom,2020-06-01,0.1,0.648749,4.472,-10.3,False
United Kingdom,2020-07-01,0.1,1.112141,4.472,-10.3,False
United Kingdom,2020-08-01,0.1,0.184502,4.472,-10.3,False
United Kingdom,2020-09-01,0.1,0.552995,4.472,-10.3,False
United Kingdom,2020-10-01,0.1,0.738689,4.472,-10.3,False
United Kingdom,2020-11-01,0.1,0.368664,4.472,-10.3,False
United Kingdom,2020-12-01,0.1,0.645161,4.472,-10.3,False
United Kingdom,2021-01-01,0.1,0.739372,4.864,8.6,False
United Kingdom,2021-02-01,0.1,0.460405,4.864,8.6,False
United Kingdom,2021-03-01,0.1,0.736648,4.864,8.6,False
United Kingdom,2021-04-01,0.1,1.474654,4.864,8.6,False
United Kingdom,2021-05-01,0.1,2.119816,4.864,8.6,False
United Kingdom,2021-06-01,0.1,2.486188,4.864,8.6,False
United Kingdom,2021-07-01,0.1,2.016499,4.864,8.6,False
United Kingdom,2021-08-01,0.1,3.222836,4.864,8.6,False
United Kingdom,2021-09-01,0.1,3.024748,4.864,8.6,False
United Kingdom,2021-10-01,0.1,4.124656,4.864,8.6,False
United Kingdom,2021-11-01,0.1,5.142332,4.864,8.6,False
United Kingdom,2021-12-01,0.25,5.40293,4.864,8.6,False
United Kingdom,2022-01-01,0.25,5.412844,3.768,4.8,False
United Kingdom,2022-02-01,0.5,6.141155,3.768,4.8,False
United Kingdom,2022-03-01,0.75,7.038391,3.768,4.8,False
United Kingdom,2022-04-01,0.75,8.991826,3.768,4.8,False
United Kingdom,2022-05-01,1.0,9.025271,3.768,4.8,False
United Kingdom,2022-06-01,1.25,9.433962,3.768,4.8,False
United Kingdom,2022-07-01,1.25,10.062893,3.768,4.8,False
United Kingdom,2022-08-01,1.75,9.812667,3.768,4.8,False
United Kingdom,2022-09-01,2.25,10.142349,3.768,4.8,False
United Kingdom,2022-10-01,2.25,11.091549,3.768,4.8,False
United Kingdom,2022-11-01,3.0,10.655022,3.768,4.8,False
United Kingdom,2022-12-01,3.5,10.512598,3.768,4.8,False
United Kingdom,2023-01-01,3.5,10.008703,4.025,0.4,False
United Kingdom,2023-02-01,4.0,10.44905,4.025,0.4,False
United Kingdom,2023-03-01,4.25,10.076857,4.025,0.4,False
United Kingdom,2023-04-01,4.25,8.666667,4.025,0.4,False
United Kingdom,2023-05-01,4.5,8.692053,4.025,0.4,False
United Kingdom,2023-06-01,5.0,7.963875,4.025,0.4,False
United Kingdom,2023-07-01,5.0,6.857143,4.025,0.4,False
United Kingdom,2023-08-01,5.25,6.661251,4.025,0.4,False
United Kingdom,2023-09-01,5.25,6.623586,4.025,0.4,False
United Kingdom,2023-10-01,5.25,4.59588,4.025,0.4,False
United Kingdom,2023-11-01,5.25,3.94633,4.025,0.4,False
United Kingdom,2023-12-01,5.25,3.930818,4.025,0.4,False
United Kingdom,2024-01-01,5.25,4.03481,4.361,1.1,False
United Kingdom,2024-02-01,5.25,3.440188,4.361,1.1,False
United Kingdom,2024-03-01,5.25,3.18076,4.361,1.1,False
United Kingdom,2024-04-01,5.25,2.377301,4.361,1.1,False
United Kingdom,2024-05-01,5.25,1.980198,4.361,1.1,False
United Kingdom,2024-06-01,5.25,1.977186,4.361,1.1,False
United Kingdom,2024-07-01,5.25,2.215432,4.361,1.1,False
United Kingdom,2024-08-01,5.0,2.284844,4.361,1.1,False
United Kingdom,2024-09-01,5.0,1.666667,4.361,1.1,False
United Kingdom,2024-10-01,5.0,2.272727,4.361,1.1,False
United Kingdom,2024-11-01,4.75,2.581625,4.361,1.1,False
United Kingdom,2024-12-01,4.75,2.571861,4.361,1.1,False
United Kingdom,2025-01-01,4.75,2.965779,4.746,1.3,True
United Kingdom,2025-02-01,4.5,2.796674,4.746,1.3,True
United Kingdom,2025-03-01,4.5,2.631579,4.746,1.3,True
United Kingdom,2025-04-01,4.5,3.520599,4.746,1.3,True
United Kingdom,2025-05-01,4.25,3.360717,4.746,1.3,True
United Kingdom,2025-06-01,4.25,3.579418,4.746,1.3,True
United Kingdom,2025-07-01,4.25,3.886398,4.746,1.3,True
United Kingdom,2025-08-01,4.0,3.723008,4.746,1.3,True
United Kingdom,2025-09-01,4.0,3.800298,4.746,1.3,True
United Kingdom,2025-10-01,4.0,3.555556,4.746,1.3,True
United Kingdom,2025-11-01,4.0,3.256847,4.746,1.3,True
United Kingdom,2025-12-01,3.75,3.318584,4.746,1.3,True
United Kingdom,2026-01-01,3.75,3.028065,4.746,1.3,True
United Kingdom,2026-02-01,3.75,,4.746,1.3,True
United Kingdom,2026-03-01,,,4.746,1.3,True
United States,2007-01-01,5.25,,4.622,2.0,False
United States,2007-02-01,5.25,,4.622,2.0,False
United States,2007-03-01,5.25,,4.622,2.0,False
United States,2007-04-01,5.25,,4.622,2.0,False
United States,2007-05-01,5.25,,4.622,2.0,False
United States,2007-06-01,5.25,,4.622,2.0,False
United States,2007-07-01,5.25,,4.622,2.0,False
United States,2007-08-01,5.25,,4.622,2.0,False
United States,2007-09-01,4.75,,4.622,2.0,False
United States,2007-10-01,4.5,,4.622,2.0,False
United States,2007-11-01,4.5,,4.622,2.0,False
United States,2007-12-01,4.25,,4.622,2.0,False
United States,2008-01-01,3.0,4.280294,5.784,0.1,False
United States,2008-02-01,3.0,4.026555,5.784,0.1,False
United States,2008-03-01,2.25,3.981456,5.784,0.1,False
United States,2008-04-01,2.0,3.93689,5.784,0.1,False
United States,2008-05-01,2.0,4.175543,5.784,0.1,False
United States,2008-06-01,2.0,5.02179,5.784,0.1,False
United States,2008-07-01,2.0,5.600123,5.784,0.1,False
United States,2008-08-01,2.0,5.371855,5.784,0.1,False
United States,2008-09-01,2.0,4.936927,5.784,0.1,False
United States,2008-10-01,1.0,3.655186,5.784,0.1,False
United States,2008-11-01,1.0,1.069575,5.784,0.1,False
United States,2008-12-01,0.125,0.091413,5.784,0.1,False
United States,2009-01-01,0.125,0.029847,9.254,-2.6,False
United States,2009-02-01,0.125,0.236191,9.254,-2.6,False
United States,2009-03-01,0.125,-0.383556,9.254,-2.6,False
United States,2009-04-01,0.125,-0.736886,9.254,-2.6,False
United States,2009-05-01,0.125,-1.281436,9.254,-2.6,False
United States,2009-06-01,0.125,-1.426776,9.254,-2.6,False
United States,2009-07-01,0.125,-2.097161,9.254,-2.6,False
United States,2009-08-01,0.125,-1.484349,9.254,-2.6,False
United States,2009-09-01,0.125,-1.286206,9.254,-2.6,False
United States,2009-10-01,0.125,-0.182848,9.254,-2.6,False
United States,2009-11-01,0.125,1.838296,9.254,-2.6,False
United States,2009-12-01,0.125,2.721331,9.254,-2.6,False
United States,2010-01-01,0.125,2.625709,9.633,2.7,False
United States,2010-02-01,0.125,2.143332,9.633,2.7,False
United States,2010-03-01,0.125,2.313959,9.633,2.7,False
United States,2010-04-01,0.125,2.236447,9.633,2.7,False
United States,2010-05-01,0.125,2.020986,9.633,2.7,False
United States,2010-06-01,0.125,1.053349,9.633,2.7,False
United States,2010-07-01,0.125,1.235193,9.633,2.7,False
United States,2010-08-01,0.125,1.148105,9.633,2.7,False
United States,2010-09-01,0.125,1.143683,9.633,2.7,False
United States,2010-10-01,0.125,1.172188,9.633,2.7,False
United States,2010-11-01,0.125,1.143161,9.633,2.7,False
United States,2010-12-01,0.125,1.495724,9.633,2.7,False
United States,2011-01-01,0.125,1.631847,8.949,1.6,False
United States,2011-02-01,0.125,2.107585,8.949,1.6,False
United States,2011-03-01,0.125,2.681603,8.949,1.6,False
United States,2011-04-01,0.125,3.163631,8.949,1.6,False
United States,2011-05-01,0.125,3.568646,8.949,1.6,False
United States,2011-06-01,0.125,3.558828,8.949,1.6,False
United States,2011-07-01,0.125,3.628716,8.949,1.6,False
United States,2011-08-01,0.125,3.771208,8.949,1.6,False
United States,2011-09-01,0.125,3.868357,8.949,1.6,False
United States,2011-10-01,0.125,3.5252,8.949,1.6,False
United States,2011-11-01,0.125,3.394378,8.949,1.6,False
United States,2011-12-01,0.125,2.962419,8.949,1.6,False
United States,2012-01-01,0.125,2.925217,8.069,2.3,False
United States,2012-02-01,0.125,2.871099,8.069,2.3,False
United States,2012-03-01,0.125,2.651398,8.069,2.3,False
United States,2012-04-01,0.125,2.30274,8.069,2.3,False
United States,2012-05-01,0.125,1.704254,8.069,2.3,False
United States,2012-06-01,0.125,1.663994,8.069,2.3,False
United States,2012-07-01,0.125,1.408451,8.069,2.3,False
United States,2012-08-01,0.125,1.692379,8.069,2.3,False
United States,2012-09-01,0.125,1.991282,8.069,2.3,False
United States,2012-10-01,0.125,2.162344,8.069,2.3,False
United States,2012-11-01,0.125,1.764134,8.069,2.3,False
United States,2012-12-01,0.125,1.741022,8.069,2.3,False
United States,2013-01-01,0.125,1.594865,7.375,2.1,False
United States,2013-02-01,0.125,1.977924,7.375,2.1,False
United States,2013-03-01,0.125,1.473896,7.375,2.1,False
United States,2013-04-01,0.125,1.063085,7.375,2.1,False
United States,2013-05-01,0.125,1.361965,7.375,2.1,False
United States,2013-06-01,0.125,1.754417,7.375,2.1,False
United States,2013-07-01,0.125,1.960682,7.375,2.1,False
United States,2013-08-01,0.125,1.518368,7.375,2.1,False
United States,2013-09-01,0.125,1.184925,7.375,2.1,False
United States,2013-10-01,0.125,0.963613,7.375,2.1,False
United States,2013-11-01,0.125,1.237072,7.375,2.1,False
United States,2013-12-01,0.125,1.501736,7.375,2.1,False
United States,2014-01-01,0.125,1.578947,6.168,2.5,False
United States,2014-02-01,0.125,1.126349,6.168,2.5,False
United States,2014-03-01,0.125,1.512203,6.168,2.5,False
United States,2014-04-01,0.125,1.952858,6.168,2.5,False
United States,2014-05-01,0.125,2.127112,6.168,2.5,False
United States,2014-06-01,0.125,2.072341,6.168,2.5,False
United States,2014-07-01,0.125,1.992329,6.168,2.5,False
United States,2014-08-01,0.125,1.699611,6.168,2.5,False
United States,2014-09-01,0.125,1.657919,6.168,2.5,False
United States,2014-10-01,0.125,1.66434,6.168,2.5,False
United States,2014-11-01,0.125,1.322355,6.168,2.5,False
United States,2014-12-01,0.125,0.756493,6.168,2.5,False
United States,2015-01-01,0.125,-0.089348,5.28,2.9,False
United States,2015-02-01,0.125,-0.02513,5.28,2.9,False
United States,2015-03-01,0.125,-0.073637,5.28,2.9,False
United States,2015-04-01,0.125,-0.199517,5.28,2.9,False
United States,2015-05-01,0.125,-0.039933,5.28,2.9,False
United States,2015-06-01,0.125,0.123771,5.28,2.9,False
United States,2015-07-01,0.125,0.16957,5.28,2.9,False
United States,2015-08-01,0.125,0.195079,5.28,2.9,False
United States,2015-09-01,0.125,-0.03613,5.28,2.9,False
United States,2015-10-01,0.125,0.170574,5.28,2.9,False
United States,2015-11-01,0.125,0.501798,5.28,2.9,False
United States,2015-12-01,0.375,0.72952,5.28,2.9,False
United States,2016-01-01,0.375,1.373087,4.869,1.8,False
United States,2016-02-01,0.375,1.0178,4.869,1.8,False
United States,2016-03-01,0.375,0.852536,4.869,1.8,False
United States,2016-04-01,0.375,1.12511,4.869,1.8,False
United States,2016-05-01,0.375,1.019323,4.869,1.8,False
United States,2016-06-01,0.375,0.997326,4.869,1.8,False
United States,2016-07-01,0.375,0.827139,4.869,1.8,False
United States,2016-08-01,0.375,1.062875,4.869,1.8,False
United States,2016-09-01,0.375,1.463784,4.869,1.8,False
United States,2016-10-01,0.375,1.635988,4.869,1.8,False
United States,2016-11-01,0.375,1.692537,4.869,1.8,False
United States,2016-12-01,0.625,2.074622,4.869,1.8,False
United States,2017-01-01,0.625,2.500042,4.355,2.5,False
United States,2017-02-01,0.625,2.737958,4.355,2.5,False
United States,2017-03-01,0.875,2.380612,4.355,2.5,False
United States,2017-04-01,0.875,2.19969,4.355,2.5,False
United States,2017-05-01,0.875,1.874878,4.355,2.5,False
United States,2017-06-01,1.125,1.633488,4.355,2.5,False
United States,2017-07-01,1.125,1.727978,4.355,2.5,False
United States,2017-08-01,1.125,1.938974,4.355,2.5,False
United States,2017-09-01,1.125,2.232964,4.355,2.5,False
United States,2017-10-01,1.125,2.041129,4.355,2.5,False
United States,2017-11-01,1.125,2.202583,4.355,2.5,False
United States,2017-12-01,1.375,2.109082,4.355,2.5,False
United States,2018-01-01,1.375,2.070508,3.896,3.0,False
United States,2018-02-01,1.375,2.211795,3.896,3.0,False
United States,2018-03-01,1.625,2.359711,3.896,3.0,False
United States,2018-04-01,1.625,2.462744,3.896,3.0,False
United States,2018-05-01,1.625,2.801012,3.896,3.0,False
United States,2018-06-01,1.875,2.871548,3.896,3.0,False
United States,2018-07-01,1.875,2.949515,3.896,3.0,False
United States,2018-08-01,1.875,2.69918,3.896,3.0,False
United States,2018-09-01,2.125,2.276972,3.896,3.0,False
United States,2018-10-01,2.125,2.52247,3.896,3.0,False
United States,2018-11-01,2.125,2.176601,3.896,3.0,False
United States,2018-12-01,2.375,1.910159,3.896,3.0,False
United States,2019-01-01,2.375,1.551235,3.669,2.6,False
United States,2019-02-01,2.375,1.520135,3.669,2.6,False
United States,2019-03-01,2.375,1.862523,3.669,2.6,False
United States,2019-04-01,2.375,1.99644,3.669,2.6,False
United States,2019-05-01,2.375,1.790228,3.669,2.6,False
United States,2019-06-01,2.375,1.648485,3.669,2.6,False
United States,2019-07-01,2.375,1.811465,3.669,2.6,False
United States,2019-08-01,2.125,1.74978,3.669,2.6,False
United States,2019-09-01,1.875,1.711305,3.669,2.6,False
United States,2019-10-01,1.625,1.764043,3.669,2.6,False
United States,2019-11-01,1.625,2.051278,3.669,2.6,False
United States,2019-12-01,1.625,2.28513,3.669,2.6,False
United States,2020-01-01,1.625,2.486572,8.055,-2.1,False
United States,2020-02-01,1.625,2.334874,8.055,-2.1,False
United States,2020-03-01,0.125,1.539327,8.055,-2.1,False
United States,2020-04-01,0.125,0.329097,8.055,-2.1,False
United States,2020-05-01,0.125,0.117926,8.055,-2.1,False
United States,2020-06-01,0.125,0.645733,8.055,-2.1,False
United States,2020-07-01,0.125,0.986082,8.055,-2.1,False
United States,2020-08-01,0.125,1.309645,8.055,-2.1,False
United States,2020-09-01,0.125,1.371325,8.055,-2.1,False
United States,2020-10-01,0.125,1.182066,8.055,-2.1,False
United States,2020-11-01,0.125,1.174536,8.055,-2.1,False
United States,2020-12-01,0.125,1.362005,8.055,-2.1,False
United States,2021-01-01,0.125,1.39977,5.349,6.2,False
United States,2021-02-01,0.125,1.676215,5.349,6.2,False
United States,2021-03-01,0.125,2.619763,5.349,6.2,False
United States,2021-04-01,0.125,4.159695,5.349,6.2,False
United States,2021-05-01,0.125,4.992707,5.349,6.2,False
United States,2021-06-01,0.125,5.391451,5.349,6.2,False
United States,2021-07-01,0.125,5.365475,5.349,6.2,False
United States,2021-08-01,0.125,5.251272,5.349,6.2,False
United States,2021-09-01,0.125,5.390349,5.349,6.2,False
United States,2021-10-01,0.125,6.221869,5.349,6.2,False
United States,2021-11-01,0.125,6.809003,5.349,6.2,False
United States,2021-12-01,0.125,7.036403,5.349,6.2,False
United States,2022-01-01,0.125,7.479872,3.65,2.5,False
United States,2022-02-01,0.125,7.871064,3.65,2.5,False
United States,2022-03-01,0.375,8.542456,3.65,2.5,False
United States,2022-04-01,0.375,8.258629,3.65,2.5,False
United States,2022-05-01,0.875,8.581512,3.65,2.5,False
United States,2022-06-01,1.625,9.059758,3.65,2.5,False
United States,2022-07-01,2.375,8.524815,3.65,2.5,False
United States,2022-08-01,2.375,8.262693,3.65,2.5,False
United States,2022-09-01,3.125,8.20167,3.65,2.5,False
United States,2022-10-01,3.125,7.745427,3.65,2.5,False
United States,2022-11-01,3.875,7.110323,3.65,2.5,False
United States,2022-12-01,4.375,6.454401,3.65,2.5,False
United States,2023-01-01,4.375,6.410147,3.638,2.9,False
United States,2023-02-01,4.625,6.035613,3.638,2.9,False
United States,2023-03-01,4.875,4.984974,3.638,2.9,False
United States,2023-04-01,4.875,4.93032,3.638,2.9,False
United States,2023-05-01,5.125,4.047609,3.638,2.9,False
United States,2023-06-01,5.125,2.969178,3.638,2.9,False
United States,2023-07-01,5.375,3.17778,3.638,2.9,False
United States,2023-08-01,5.375,3.665112,3.638,2.9,False
United States,2023-09-01,5.375,3.699698,3.638,2.9,False
United States,2023-10-01,5.375,3.241145,3.638,2.9,False
United States,2023-11-01,5.375,3.137271,3.638,2.9,False
United States,2023-12-01,5.375,3.352123,3.638,2.9,False
United States,2024-01-01,5.375,3.090885,4.022,2.8,False
United States,2024-02-01,5.375,3.153171,4.022,2.8,False
United States,2024-03-01,5.375,3.477385,4.022,2.8,False
United States,2024-04-01,5.375,3.357364,4.022,2.8,False
United States,2024-05-01,5.375,3.269029,4.022,2.8,False
United States,2024-06-01,5.375,2.971397,4.022,2.8,False
United States,2024-07-01,5.375,2.894753,4.022,2.8,False
United States,2024-08-01,5.375,2.53073,4.022,2.8,False
United States,2024-09-01,4.875,2.440633,4.022,2.8,False
United States,2024-10-01,4.875,2.597905,4.022,2.8,False
United States,2024-11-01,4.625,2.74938,4.022,2.8,False
United States,2024-12-01,4.375,2.888057,4.022,2.8,False
United States,2025-01-01,4.375,3.000483,4.198,2.0,True
United States,2025-02-01,4.375,2.821549,4.198,2.0,True
United States,2025-03-01,4.375,2.390725,4.198,2.0,True
United States,2025-04-01,4.375,2.311289,4.198,2.0,True
United States,2025-05-01,4.375,2.354897,4.198,2.0,True
United States,2025-06-01,4.375,2.669213,4.198,2.0,True
United States,2025-07-01,4.375,2.704902,4.198,2.0,True
United States,2025-08-01,4.375,2.916174,4.198,2.0,True
United States,2025-09-01,4.125,3.012677,4.198,2.0,True
United States,2025-10-01,3.875,,4.198,2.0,True
United States,2025-11-01,3.875,2.735084,4.198,2.0,True
United States,2025-12-01,3.625,2.677081,4.198,2.0,True
United States,2026-01-01,3.625,2.386431,4.198,2.1,True
United States,2026-02-01,3.625,,4.198,2.1,True
United States,2026-03-01,,,4.198,2.1,True
